Activity Type,Date,Favorite,Title,Distance,Calories,Time,Avg HR,Max HR,Aerobic TE,Avg Run Cadence,Max Run Cadence,Avg Pace,Best Pace,Elev Gain,Elev Loss,Avg Stride Length,Avg Vertical Ratio,Avg Vertical Oscillation,Training Stress ScoreÂ®,Grit,Flow,Bottom Time,Min Temp,Surface Interval,Decompression,Best Lap Time,Number of Runs,Max Temp
Treadmill Running,05-02-20 18:02,FALSE,Treadmill Running,1.27,165,0:13:01,130,141,2.2,138,167,10:14,8:04,--,--,1.13,0,0,0,0,0,0:00,77,0:00,No,04:21.9,2,0
Treadmill Running,04-02-20 16:35,FALSE,Treadmill Running,0.63,65,05:10.2,128,137,1.2,162,168,8:12,7:30,--,--,1.21,0,0,0,0,0,0:00,75.2,0:00,No,00:00.0,1,0
Treadmill Running,03-02-20 18:01,FALSE,Treadmill Running,1.27,148,0:10:54,135,147,2.3,164,169,8:34,7:37,--,--,1.15,0,0,0,0,0,0:00,75.2,0:00,No,02:18.9,2,0
Running,01-02-20 14:37,FALSE,Sydney Running,2.64,359,0:23:11,152,171,3.7,160,178,8:47,6:59,118,174,1.15,0,0,0,0,0,0:00,91.4,0:00,No,05:20.0,3,0
Running,23-01-20 6:36,FALSE,Running,0.49,71,04:23.3,159,173,2.1,166,183,8:56,8:11,--,39,1.08,0,0,0,0,0,0:00,78.8,0:00,No,00:00.0,1,0
Running,16-01-20 7:18,FALSE,Running,1.16,177,0:11:19,156,172,3,145,179,9:47,8:23,52,75,1.15,0,0,0,0,0,0:00,75.2,0:00,No,02:16.0,2,0
Running,12-01-20 15:05,FALSE,Sydney Running,2.13,281,0:18:25,151,169,3.3,164,176,8:40,7:46,125,141,1.13,0,0,0,0,0,0:00,68,0:00,No,01:00.3,3,0
Cycling,29-12-19 16:34,FALSE,Sydney Cycling,3.36,183,0:23:32,106,134,0.8,--,--,8.6,23.1,174,187,0,0,0,0,0,0,0:00,80.6,0:00,No,00:00.0,1,0
Cycling,28-12-19 19:08,FALSE,Sydney Cycling,3.48,223,0:26:36,111,134,1.2,--,--,7.9,23.5,187,180,0,0,0,0,0,0,0:00,77,0:00,No,00:00.0,1,0
Running,28-12-19 18:18,FALSE,Sydney Running,2.5,289,0:20:46,139,155,3.1,162,183,8:18,6:42,102,167,1.2,0,0,0,0,0,0:00,75.2,0:00,No,03:53.7,3,0
Treadmill Running,15-12-19 15:32,FALSE,Treadmill Running,1.26,156,0:10:35,143,155,2.6,163,169,8:23,7:20,--,--,1.18,0,0,0,0,0,0:00,75.2,0:00,No,02:17.2,2,0
Running,28-11-19 18:31,FALSE,Darwin Running,3.01,375,0:25:54,145,173,3.5,160,177,8:36,7:01,69,82,1.17,0,0,0,0,0,0:00,87.8,0:00,No,00:06.1,4,0
Running,24-11-19 18:51,FALSE,Darwin Running,3.13,414,0:27:31,149,168,3.6,155,196,8:47,7:23,75,89,1.18,0,0,0,0,0,0:00,82.4,0:00,No,01:00.7,4,0
Running,16-11-19 17:29,FALSE,Sydney Running,2,253,0:17:28,144,165,3.1,161,177,8:44,7:47,46,16,1.15,0,0,0,0,0,0:00,71.6,0:00,No,00:01.3,3,0
Elliptical,14-11-19 18:30,FALSE,Elliptical,0,53,0:10:32,86,131,0.2,70,98,--,--,--,--,0,0,0,0,0,0,0:00,75.2,0:00,No,00:00.0,1,0
Treadmill Running,13-11-19 18:02,FALSE,Treadmill Running,1.39,134,0:10:24,131,148,2,167,173,7:30,7:06,--,--,1.29,0,0,0,0,0,0:00,73.4,0:00,No,02:56.2,2,0
Running,12-11-19 17:34,FALSE,Sydney Running,3.07,394,0:26:20,149,169,3.2,163,180,8:34,7:17,82,66,1.15,0,0,0,0,0,0:00,86,0:00,No,00:31.5,4,0
Running,10-11-19 18:57,FALSE,Sydney Running,1.32,165,0:10:46,150,162,2.7,164,173,8:11,7:39,33,43,1.2,0,0,0,0,0,0:00,68,0:00,No,02:35.5,2,0
Running,02-11-19 16:36,FALSE,Sydney Running,3.1,384,0:25:49,148,161,3.3,161,189,8:20,6:09,75,66,1.2,0,0,0,0,0,0:00,75.2,0:00,No,00:39.4,4,0
Running,31-10-19 6:27,FALSE,Sydney Running,0.46,50,03:53.4,131,146,1.1,157,170,8:32,7:16,10,16,1.2,0,0,0,0,0,0:00,77,0:00,No,00:00.0,1,0
Treadmill Running,29-10-19 19:02,FALSE,Treadmill Running,0.59,64,05:04.8,130,148,1.1,159,170,8:40,7:37,--,--,1.17,0,0,0,0,0,0:00,75.2,0:00,No,00:00.0,1,0
Running,28-10-19 18:57,FALSE,Sydney Running,4.69,610,0:39:49,153,177,4,164,182,8:30,6:36,89,92,1.15,0,0,0,0,0,0:00,66.2,0:00,No,05:27.3,5,0
Running,26-10-19 17:11,FALSE,Sydney Running,0.37,45,03:05.5,150,163,1.1,162,173,8:19,7:50,10,10,1.19,0,0,0,0,0,0:00,78.8,0:00,No,00:00.0,1,0
Running,26-10-19 16:31,FALSE,Sydney Running,1.37,166,0:11:48,143,164,2.4,162,173,8:37,6:55,69,56,1.15,0,0,0,0,0,0:00,86,0:00,No,02:35.2,2,0
Treadmill Running,25-10-19 21:42,FALSE,Treadmill Running,0.8,86,06:01.0,142,155,2,163,171,7:30,6:57,--,--,1.32,0,0,0,0,0,0:00,77,0:00,No,00:00.0,1,0
Treadmill Running,24-10-19 21:20,FALSE,Treadmill Running,0.77,78,05:46.5,136,153,1.7,164,172,7:33,6:59,--,--,1.3,0,0,0,0,0,0:00,78.8,0:00,No,00:00.0,1,0
Treadmill Running,23-10-19 20:37,FALSE,Treadmill Running,1.11,197,0:21:18,120,154,2.2,69,173,19:11,6:54,--,--,0.9,0,0,0,0,0,0:00,75.2,0:00,No,07:16.6,2,0
Running,21-10-19 18:10,FALSE,Sydney Running,4.13,542,0:35:08,153,190,4.1,164,179,8:30,6:51,164,161,1.15,0,0,0,0,0,0:00,68,0:00,No,01:04.5,5,0
Treadmill Running,19-10-19 20:07,FALSE,Treadmill Running,0.97,120,08:22.7,141,149,2.2,165,173,8:39,7:41,--,--,1.13,0,0,0,0,0,0:00,75.2,0:00,No,00:00.0,1,0
Treadmill Running,18-10-19 18:14,FALSE,Treadmill Running,1.78,237,0:14:46,158,169,3.1,169,177,8:18,7:35,--,--,1.15,0,0,0,0,0,0:00,71.6,0:00,No,06:17.2,2,0
Running,18-10-19 18:00,FALSE,Sydney Running,1.21,176,0:12:15,142,160,2.5,162,171,10:05,7:47,121,115,0.98,0,0,0,0,0,0:00,71.6,0:00,No,01:58.4,2,0
Treadmill Running,17-10-19 18:09,FALSE,Treadmill Running,1.87,271,0:17:29,152,167,3.3,164,177,9:21,7:34,--,--,1.05,0,0,0,0,0,0:00,73.4,0:00,No,07:26.7,2,0
Treadmill Running,16-10-19 18:40,FALSE,Treadmill Running,1.83,260,0:17:11,149,177,3.2,165,175,9:24,7:41,--,--,1.04,0,0,0,0,0,0:00,75.2,0:00,No,07:11.7,2,0
Treadmill Running,15-10-19 18:51,FALSE,Treadmill Running,1.83,256,0:17:51,142,162,3.1,159,177,9:46,7:36,--,--,1.04,0,0,0,0,0,0:00,75.2,0:00,No,07:42.8,2,0
Treadmill Running,11-10-19 18:38,FALSE,Treadmill Running,0.92,153,0:11:04,140,154,2.4,133,168,11:59,8:10,--,--,1.01,0,0,0,0,0,0:00,75.2,0:00,No,00:00.0,1,0
Running,08-10-19 18:22,FALSE,Sydney Running,3.52,485,0:31:11,155,174,4,164,216,8:52,7:12,240,233,1.11,0,0,0,0,0,0:00,60.8,0:00,No,04:42.9,4,0
Running,07-10-19 15:59,FALSE,Sydney Running,4.09,586,0:38:12,154,183,4.6,160,195,9:21,5:10,223,164,1.08,0,0,0,0,0,0:00,71.6,0:00,No,00:49.1,5,0
Running,26-09-19 21:37,FALSE,Running,0.25,27,02:19.4,124,137,0.5,151,165,9:25,8:54,--,10,1.13,0,0,0,0,0,0:00,78.8,0:00,No,00:00.0,1,0
Running,26-09-19 21:27,FALSE,Running,0.43,51,04:06.5,129,140,1.1,154,165,9:29,8:54,--,39,1.1,0,0,0,0,0,0:00,82.4,0:00,No,00:00.0,1,0
Running,26-09-19 11:07,FALSE,Santiago Running,0.73,91,06:12.2,145,165,2.1,156,176,8:32,8:24,46,39,1.21,0,0,0,0,0,0:00,96.8,0:00,No,00:00.0,1,0
Elliptical,26-09-19 9:32,FALSE,Elliptical,0,13,05:05.7,70,82,0,108,137,--,--,--,--,0,0,0,0,0,0,0:00,80.6,0:00,No,00:00.0,1,0
Running,26-09-19 7:42,FALSE,Santiago Running,0.27,29,02:26.6,130,143,1,157,175,9:08,8:24,10,23,1.13,0,0,0,0,0,0:00,77,0:00,No,00:00.0,1,0
Running,23-09-19 21:30,FALSE,Running,0.6,76,05:29.1,137,149,2,157,171,9:07,8:43,26,46,1.12,0,0,0,0,0,0:00,84.2,0:00,No,00:00.0,1,0
Running,21-09-19 17:41,FALSE,Santiago Running,4.01,546,0:35:48,150,173,4.1,163,181,8:56,7:45,79,118,1.11,0,0,0,0,0,0:00,86,0:00,No,00:05.2,5,0
Treadmill Running,21-09-19 9:05,FALSE,Treadmill Running,1.04,126,09:41.2,132,143,2.1,159,163,9:17,8:49,--,--,1.09,0,0,0,0,0,0:00,75.2,0:00,No,00:23.6,2,0
Elliptical,19-09-19 8:22,FALSE,Elliptical,0,28,07:27.8,78,103,0.1,96,133,--,--,--,--,0,0,0,0,0,0,0:00,78.8,0:00,No,00:00.0,1,0
Treadmill Running,19-09-19 7:31,FALSE,Treadmill Running,0.89,112,07:27.5,145,157,2.3,169,179,8:25,6:27,--,--,1.13,0,0,0,0,0,0:00,80.6,0:00,No,00:00.0,1,0
Elliptical,17-09-19 7:10,FALSE,Elliptical,0,184,0:18:45,116,136,1.7,74,148,--,--,--,--,0,0,0,0,0,0,0:00,80.6,0:00,No,00:00.0,1,0
Running,14-09-19 18:29,FALSE,Santiago Running,0,--,00:00.8,124,124,--,--,--,7:55,19:42,--,--,0,0,0,0,0,0,0:00,91.4,0:00,No,00:00.0,1,0
Running,14-09-19 17:43,FALSE,Santiago Running,4.51,659,0:41:32,154,178,4.6,160,182,9:12,7:46,105,121,1.09,0,0,0,0,0,0:00,91.4,0:00,No,04:55.9,5,0
Treadmill Running,12-09-19 9:36,FALSE,Treadmill Running,0.69,85,06:34.2,129,141,1.6,141,175,9:32,6:45,--,--,1.19,0,0,0,0,0,0:00,80.6,0:00,No,00:00.0,1,0
Treadmill Running,11-09-19 7:22,FALSE,Treadmill Running,0.88,105,06:40.8,152,161,2.3,163,175,7:37,6:38,--,--,1.3,0,0,0,0,0,0:00,80.6,0:00,No,00:00.0,1,0
Running,09-09-19 18:58,FALSE,Santiago Running,0.57,62,04:34.8,134,157,1.5,155,177,8:03,6:56,39,49,1.29,0,0,0,0,0,0:00,84.2,0:00,No,00:00.0,1,0
Running,08-09-19 6:36,FALSE,Running,0.57,74,05:22.7,134,147,1.8,146,175,9:31,8:49,36,39,1.16,0,0,0,0,0,0:00,84.2,0:00,No,00:00.0,1,0
Running,03-09-19 16:09,FALSE,Kansas City Running,0.26,33,02:41.3,126,144,0.7,131,184,10:14,7:05,7,--,1.2,0,0,0,0,0,0:00,91.4,0:00,No,00:00.0,1,0
Running,03-09-19 9:26,FALSE,Kansas City Running,2.01,275,0:17:52,147,158,3.2,167,175,8:54,7:42,108,--,1.08,0,0,0,0,0,0:00,84.2,0:00,No,00:04.0,3,0
Cycling,29-08-19 15:41,FALSE,Washington Cycling,1.02,64,0:11:45,90,121,0.3,--,--,5.2,16.6,66,85,0,0,0,0,0,0,0:00,84.2,0:00,No,00:00.0,1,0
Cycling,27-08-19 22:13,FALSE,Washington Cycling,4.36,191,0:43:16,84,111,0.4,--,--,6,15.7,92,118,0,0,0,0,0,0,0:00,78.8,0:00,No,00:00.0,1,0
Cycling,27-08-19 10:40,FALSE,Washington Cycling,4.11,171,0:33:47,89,113,0.4,--,--,7.3,14.4,141,66,0,0,0,0,0,0,0:00,78.8,0:00,No,00:00.0,1,0
Cycling,26-08-19 21:29,FALSE,Washington Cycling,2.43,128,0:26:37,86,116,0.3,--,--,5.5,19.3,79,115,0,0,0,0,0,0,0:00,78.8,0:00,No,00:00.0,1,0
Cycling,26-08-19 20:46,FALSE,Washington Cycling,0.84,56,06:53.4,104,125,0.4,--,--,7.3,11.4,49,7,0,0,0,0,0,0,0:00,77,0:00,No,00:00.0,1,0
Cycling,26-08-19 18:30,FALSE,Washington Cycling,0.78,26,04:53.8,87,95,0.1,--,--,9.5,24.4,26,43,0,0,0,0,0,0,0:00,78.8,0:00,No,00:00.0,1,0
Cycling,26-08-19 17:24,FALSE,Washington Cycling,0.95,47,07:09.0,96,107,0.2,--,--,8,17.9,49,26,0,0,0,0,0,0,0:00,80.6,0:00,No,00:00.0,1,0
Cycling,26-08-19 11:31,FALSE,Washington Cycling,0.44,27,04:28.0,91,112,0.1,--,--,5.9,19.1,16,13,0,0,0,0,0,0,0:00,80.6,0:00,No,00:00.0,1,0
Cycling,26-08-19 9:42,FALSE,Washington Cycling,2.72,122,0:23:55,88,116,0.3,--,--,6.8,21.8,102,105,0,0,0,0,0,0,0:00,77,0:00,No,00:00.0,1,0
Cycling,26-08-19 9:21,FALSE,Washington Cycling,0.71,21,04:44.2,82,94,0.1,--,--,9,16.1,26,36,0,0,0,0,0,0,0:00,77,0:00,No,00:00.0,1,0
Cycling,26-08-19 8:05,FALSE,Washington Cycling,0.41,20,03:32.3,90,99,0.1,--,--,6.9,13.3,36,7,0,0,0,0,0,0,0:00,75.2,0:00,No,00:00.0,1,0
Cycling,25-08-19 22:58,FALSE,Washington Cycling,2.25,82,0:17:45,84,105,0.2,--,--,7.6,15.6,72,43,0,0,0,0,0,0,0:00,75.2,0:00,No,00:00.0,1,0
Cycling,25-08-19 14:59,FALSE,Washington Cycling,1.87,69,0:11:41,92,109,0.2,--,--,9.6,20,56,72,0,0,0,0,0,0,0:00,78.8,0:00,No,00:00.0,1,0
Cycling,25-08-19 11:40,FALSE,Washington Cycling,0.72,26,06:59.4,76,100,0.1,--,--,6.2,11.5,33,--,0,0,0,0,0,0,0:00,84.2,0:00,No,00:00.0,1,0
Cycling,25-08-19 10:44,FALSE,Washington Cycling,2.43,110,0:20:06,90,113,0.3,--,--,7.2,18.2,20,115,0,0,0,0,0,0,0:00,80.6,0:00,No,00:00.0,1,0
Cycling,25-08-19 9:10,FALSE,Washington Cycling,3,176,0:31:15,92,132,0.6,--,--,5.8,15.8,180,79,0,0,0,0,0,0,0:00,77,0:00,No,00:00.0,1,0
Cycling,24-08-19 13:09,FALSE,Washington Cycling,2.89,181,0:30:59,93,120,0.5,--,--,5.6,16.9,46,171,0,0,0,0,0,0,0:00,87.8,0:00,No,00:00.0,1,0
Cycling,24-08-19 3:39,FALSE,Washington Cycling,0.95,76,06:43.6,121,141,1.1,--,--,8.5,21.8,23,49,0,0,0,0,0,0,0:00,73.4,0:00,No,00:00.0,1,0
Cycling,23-08-19 15:03,FALSE,Washington Cycling,0.76,85,07:37.2,120,128,1.1,--,--,6,13.5,49,16,0,0,0,0,0,0,0:00,77,0:00,No,00:00.0,1,0
Cycling,23-08-19 2:42,FALSE,Washington Cycling,1.07,143,7:14:54,87,125,0.4,--,--,0.1,20,36,49,0,0,0,0,0,0,0:00,69.8,0:00,No,00:00.0,1,0
Cycling,22-08-19 15:04,FALSE,Washington Cycling,0.16,50,07:19.6,98,111,0.2,--,--,1.3,11.4,46,--,0,0,0,0,0,0,0:00,82.4,0:00,No,00:00.0,1,0
Running,21-08-19 16:21,FALSE,Washington Running,2.01,276,0:17:54,150,170,3.2,165,183,8:55,6:57,161,75,1.09,0,0,0,0,0,0:00,86,0:00,No,00:03.1,3,0
Cycling,20-08-19 23:01,FALSE,Washington Cycling,2.12,111,0:20:03,90,118,0.4,--,--,6.3,13.5,79,49,0,0,0,0,0,0,0:00,80.6,0:00,No,00:00.0,1,0
Cycling,20-08-19 16:07,FALSE,Washington Cycling,2.03,107,0:11:13,112,146,1.1,--,--,10.9,16.4,49,79,0,0,0,0,0,0,0:00,82.4,0:00,No,00:00.0,1,0
Cycling,20-08-19 15:03,FALSE,Washington Cycling,0.87,64,0:10:40,92,106,0.2,--,--,4.9,14.6,23,30,0,0,0,0,0,0,0:00,93.2,0:00,No,00:00.0,1,0
Cycling,19-08-19 22:49,FALSE,Washington Cycling,0.91,57,07:03.7,104,122,0.4,--,--,7.7,19.2,20,66,0,0,0,0,0,0,0:00,87.8,0:00,No,00:00.0,1,0
Cycling,18-08-19 21:53,FALSE,Washington Cycling,2.02,108,0:17:59,93,112,0.4,--,--,6.7,12.7,75,36,0,0,0,0,0,0,0:00,86,0:00,No,00:00.0,1,0
Cycling,18-08-19 11:02,FALSE,Washington Cycling,1.05,65,0:10:27,94,110,0.3,--,--,6.1,20.4,20,46,0,0,0,0,0,0,0:00,93.2,0:00,No,00:00.0,1,0
Cycling,18-08-19 4:18,FALSE,Washington Cycling,0.86,112,0:22:13,87,125,0.3,--,--,2.3,18.8,43,46,0,0,0,0,0,0,0:00,82.4,0:00,No,00:00.0,1,0
Cycling,17-08-19 15:04,FALSE,Washington Cycling,0.48,54,06:27.8,105,128,0.5,--,--,4.5,17.1,49,3,0,0,0,0,0,0,0:00,80.6,0:00,No,00:00.0,1,0
Cycling,17-08-19 0:55,FALSE,Washington Cycling,2.12,124,0:17:52,99,124,0.6,--,--,7.1,16.4,72,39,0,0,0,0,0,0,0:00,84.2,0:00,No,00:00.0,1,0
Cycling,16-08-19 15:50,FALSE,Washington Cycling,1.9,113,0:12:19,111,130,0.8,--,--,9.2,16.9,46,56,0,0,0,0,0,0,0:00,87.8,0:00,No,00:00.0,1,0
Cycling,14-08-19 21:14,FALSE,Washington Cycling,0.76,45,06:15.3,99,117,0.3,--,--,7.3,22,23,52,0,0,0,0,0,0,0:00,84.2,0:00,No,00:00.0,1,0
Cycling,14-08-19 16:52,FALSE,Washington Cycling,1.01,33,06:53.3,84,98,0.1,--,--,8.8,16.9,59,26,0,0,0,0,0,0,0:00,82.4,0:00,No,00:00.0,1,0
Cycling,12-08-19 18:47,FALSE,Washington Cycling,1.02,47,07:38.0,93,117,0.2,--,--,8,21.5,20,43,0,0,0,0,0,0,0:00,87.8,0:00,No,00:00.0,1,0
Cycling,12-08-19 18:16,FALSE,Washington Cycling,0.84,62,07:17.1,106,128,0.5,--,--,6.9,18.5,59,7,0,0,0,0,0,0,0:00,77,0:00,No,00:00.0,1,0
Cycling,11-08-19 3:54,FALSE,Washington Cycling,0.83,72,0:12:32,91,109,0.2,--,--,4,19.7,36,59,0,0,0,0,0,0,0:00,77,0:00,No,00:00.0,1,0
Cycling,10-08-19 18:33,FALSE,Washington Cycling,1.07,57,06:19.9,109,131,0.5,--,--,10.2,26.5,36,20,0,0,0,0,0,0,0:00,80.6,0:00,No,00:00.0,1,0
Running,10-08-19 12:02,FALSE,Washington Running,3.12,464,0:35:02,137,158,2.7,151,173,11:13,8:32,190,148,0.95,0,0,0,0,0,0:00,82.4,0:00,No,01:12.3,4,0
Cycling,09-08-19 15:50,FALSE,Washington Cycling,1.99,64,0:10:11,94,112,0.2,--,--,11.7,19.6,49,69,0,0,0,0,0,0,0:00,82.4,0:00,No,00:00.0,1,0
Cycling,09-08-19 2:28,FALSE,Washington Cycling,0.87,39,05:21.3,99,113,0.2,--,--,9.8,23.5,26,43,0,0,0,0,0,0,0:00,84.2,0:00,No,00:00.0,1,0
Cycling,08-08-19 15:07,FALSE,Washington Cycling,1.03,25,06:11.0,79,94,0,--,--,10,23.1,56,13,0,0,0,0,0,0,0:00,80.6,0:00,No,00:00.0,1,0
Cycling,08-08-19 0:09,FALSE,Washington Cycling,1.19,153,0:27:23,91,128,0.5,--,--,2.6,18.8,36,56,0,0,0,0,0,0,0:00,80.6,0:00,No,00:00.0,1,0
Cycling,07-08-19 15:09,FALSE,Washington Cycling,0.91,55,06:52.7,103,127,0.3,--,--,7.9,16.3,43,26,0,0,0,0,0,0,0:00,82.4,0:00,No,00:00.0,1,0
Cycling,07-08-19 0:39,FALSE,Washington Cycling,0.63,45,05:24.2,103,122,0.3,--,--,7,21,23,52,0,0,0,0,0,0,0:00,84.2,0:00,No,00:00.0,1,0
Cycling,06-08-19 15:09,FALSE,Cycling,0,33,05:34.0,91,119,0.1,--,--,--,--,--,--,0,0,0,0,0,0,0:00,80.6,0:00,No,00:00.0,1,0
Cycling,05-08-19 22:59,FALSE,Washington Cycling,1.91,94,0:14:24,97,118,0.3,--,--,8,15.5,62,36,0,0,0,0,0,0,0:00,82.4,0:00,No,00:00.0,1,0
Cycling,05-08-19 15:54,FALSE,Washington Cycling,1.87,108,0:11:13,113,152,1,--,--,10,19.3,43,69,0,0,0,0,0,0,0:00,82.4,0:00,No,00:00.0,1,0
Cycling,04-08-19 21:04,FALSE,Washington Cycling,2.34,108,0:17:21,95,112,0.3,--,--,8.1,15,69,46,0,0,0,0,0,0,0:00,84.2,0:00,No,00:00.0,1,0
Cycling,04-08-19 15:53,FALSE,Washington Cycling,1.43,89,0:11:57,101,117,0.4,--,--,7.2,19.1,23,56,0,0,0,0,0,0,0:00,84.2,0:00,No,00:00.0,1,0
Cycling,04-08-19 4:00,FALSE,Washington Cycling,0.88,100,0:14:35,98,118,0.3,--,--,3.6,20.2,39,49,0,0,0,0,0,0,0:00,82.4,0:00,No,00:00.0,1,0
Cycling,03-08-19 19:01,FALSE,Washington Cycling,0.77,79,07:29.7,116,139,0.8,--,--,6.1,14.9,52,23,0,0,0,0,0,0,0:00,82.4,0:00,No,00:00.0,1,0
Cycling,02-08-19 15:54,FALSE,Washington Cycling,1.57,71,0:10:40,96,116,0.3,--,--,8.8,19.3,33,49,0,0,0,0,0,0,0:00,82.4,0:00,No,00:00.0,1,0
Cycling,01-08-19 23:38,FALSE,Washington Cycling,0.74,18,03:42.7,85,97,0,--,--,12,21.3,26,46,0,0,0,0,0,0,0:00,84.2,0:00,No,00:00.0,1,0
Cycling,01-08-19 15:03,FALSE,Washington Cycling,1.02,46,06:21.8,98,126,0.3,--,--,9.6,17.9,46,36,0,0,0,0,0,0,0:00,82.4,0:00,No,00:00.0,1,0
Cycling,01-08-19 0:36,FALSE,Washington Cycling,1.1,89,0:15:28,92,105,0.2,--,--,4.3,20.3,33,49,0,0,0,0,0,0,0:00,80.6,0:00,No,00:00.0,1,0
Cycling,31-07-19 15:08,FALSE,Washington Cycling,1.03,49,06:04.6,103,120,0.3,--,--,10.1,22.4,52,20,0,0,0,0,0,0,0:00,77,0:00,No,00:00.0,1,0
Cycling,31-07-19 1:45,FALSE,Washington Cycling,0.93,38,05:27.6,97,113,0.2,--,--,10.2,20.4,30,52,0,0,0,0,0,0,0:00,82.4,0:00,No,00:00.0,1,0
Cycling,30-07-19 15:00,FALSE,Washington Cycling,1.02,35,06:53.0,86,101,0.1,--,--,8.9,22.6,62,26,0,0,0,0,0,0,0:00,82.4,0:00,No,00:00.0,1,0
Cycling,29-07-19 22:36,FALSE,Washington Cycling,2.11,88,0:14:54,92,111,0.3,--,--,8.5,16.3,62,39,0,0,0,0,0,0,0:00,86,0:00,No,00:00.0,1,0
Cycling,29-07-19 15:51,FALSE,Washington Cycling,1.47,68,0:10:36,94,114,0.3,--,--,8.3,16.5,33,59,0,0,0,0,0,0,0:00,82.4,0:00,No,00:00.0,1,0
Cycling,28-07-19 22:03,FALSE,Washington Cycling,1.98,88,0:17:11,87,109,0.2,--,--,6.9,15.4,62,39,0,0,0,0,0,0,0:00,86,0:00,No,00:00.0,1,0
Cycling,28-07-19 15:52,FALSE,Washington Cycling,2.05,94,0:10:50,108,137,0.7,--,--,11.3,19.2,46,66,0,0,0,0,0,0,0:00,80.6,0:00,No,00:00.0,1,0
Cycling,28-07-19 4:21,FALSE,Washington Cycling,0.63,49,04:45.0,113,133,0.5,--,--,7.9,25.3,23,52,0,0,0,0,0,0,0:00,82.4,0:00,No,00:00.0,1,0
Cycling,27-07-19 15:11,FALSE,Washington Cycling,0.42,23,03:24.3,97,114,0.1,--,--,7.3,13.4,20,3,0,0,0,0,0,0,0:00,87.8,0:00,No,00:00.0,1,0
Running,27-07-19 11:44,FALSE,Washington Running,2.26,317,0:23:21,135,148,2.6,155,163,10:21,8:56,167,102,1,0,0,0,0,0,0:00,87.8,0:00,No,02:51.3,3,0
Cycling,26-07-19 21:29,FALSE,Washington Cycling,2.29,79,0:17:35,83,107,0.2,--,--,7.8,15.9,52,43,0,0,0,0,0,0,0:00,82.4,0:00,No,00:00.0,1,0
Cycling,26-07-19 15:53,FALSE,Washington Cycling,1.68,112,0:11:00,117,168,1.4,--,--,9.2,20.9,56,62,0,0,0,0,0,0,0:00,77,0:00,No,00:00.0,1,0
Cycling,25-07-19 22:53,FALSE,Washington Cycling,2.15,112,0:17:20,95,127,0.5,--,--,7.5,16.2,69,39,0,0,0,0,0,0,0:00,80.6,0:00,No,00:00.0,1,0
Cycling,25-07-19 15:52,FALSE,Washington Cycling,2.05,99,0:11:47,104,133,0.8,--,--,10.4,22.5,49,82,0,0,0,0,0,0,0:00,82.4,0:00,No,00:00.0,1,0
Cycling,25-07-19 14:34,FALSE,Washington Cycling,0.76,74,0:13:38,88,116,0.3,--,--,3.3,12.4,66,20,0,0,0,0,0,0,0:00,84.2,0:00,No,00:00.0,1,0
Cycling,25-07-19 13:59,FALSE,Washington Cycling,0.19,76,0:12:39,91,131,0.4,--,--,0.9,8.3,10,39,0,0,0,0,0,0,0:00,82.4,0:00,No,00:00.0,1,0
Cycling,24-07-19 23:47,FALSE,Washington Cycling,0.99,51,05:20.6,110,124,0.5,--,--,11.1,18.8,30,56,0,0,0,0,0,0,0:00,78.8,0:00,No,00:00.0,1,0
Cycling,24-07-19 18:24,FALSE,Washington Cycling,0.94,68,06:26.4,115,131,0.7,--,--,8.7,26.4,59,13,0,0,0,0,0,0,0:00,78.8,0:00,No,00:00.0,1,0
Cycling,23-07-19 23:13,FALSE,Washington Cycling,2.23,105,0:16:05,96,121,0.4,--,--,8.3,17.1,66,43,0,0,0,0,0,0,0:00,77,0:00,No,00:00.0,1,0
Cycling,23-07-19 15:55,FALSE,Washington Cycling,1.98,118,0:11:43,115,128,0.9,--,--,10.1,19,46,72,0,0,0,0,0,0,0:00,80.6,0:00,No,00:00.0,1,0
Cycling,22-07-19 15:58,FALSE,Washington Cycling,0.88,58,08:37.0,96,130,0.3,--,--,6.1,19.5,43,30,0,0,0,0,0,0,0:00,82.4,0:00,No,00:00.0,1,0
Running,19-07-19 19:06,FALSE,Washington Running,2.12,286,0:19:12,144,160,3,164,179,9:03,7:44,154,128,1.08,0,0,0,0,0,0:00,89.6,0:00,No,00:52.0,3,0
Cycling,18-07-19 14:10,FALSE,Washington Cycling,1.49,100,0:15:13,96,126,0.4,--,--,5.9,13.8,49,108,0,0,0,0,0,0,0:00,86,0:00,No,00:00.0,1,0
Cycling,18-07-19 12:15,FALSE,Washington Cycling,1.39,132,0:19:41,97,124,0.6,--,--,4.2,15,98,33,0,0,0,0,0,0,0:00,84.2,0:00,No,00:00.0,1,0
Running,17-07-19 19:54,FALSE,Washington Running,2.83,407,0:31:26,134,157,2.6,153,168,11:07,4:18,167,164,0.95,0,0,0,0,0,0:00,78.8,0:00,No,08:52.9,3,0
Running,16-07-19 17:33,FALSE,Washington Running,2.81,397,0:32:46,138,178,3.2,101,174,11:40,7:05,174,105,2.03,0,0,0,0,0,0:00,80.6,0:00,No,08:48.2,3,0
Cycling,15-07-19 23:06,FALSE,Washington Cycling,1.96,118,0:13:00,109,136,0.8,--,--,9.1,21.7,52,36,0,0,0,0,0,0,0:00,86,0:00,No,00:00.0,1,0
Cycling,15-07-19 15:48,FALSE,Washington Cycling,1.81,135,09:48.1,136,163,2.1,--,--,11.1,20,39,72,0,0,0,0,0,0,0:00,84.2,0:00,No,00:00.0,1,0
Cycling,14-07-19 21:49,FALSE,Washington Cycling,2.13,164,0:17:00,113,130,1.1,--,--,7.5,16.5,59,43,0,0,0,0,0,0,0:00,86,0:00,No,00:00.0,1,0
Cycling,14-07-19 15:49,FALSE,Washington Cycling,1.34,62,06:25.8,110,131,0.6,--,--,12.5,22.3,30,36,0,0,0,0,0,0,0:00,93.2,0:00,No,00:00.0,1,0
Cycling,14-07-19 1:10,FALSE,Washington Cycling,2.18,167,0:15:24,118,140,1.6,--,--,8.5,16.7,62,36,0,0,0,0,0,0,0:00,82.4,0:00,No,00:00.0,1,0
Cycling,13-07-19 15:48,FALSE,Washington Cycling,1.65,124,0:11:20,119,135,1.2,--,--,8.7,19.2,52,79,0,0,0,0,0,0,0:00,82.4,0:00,No,00:00.0,1,0
Cycling,12-07-19 22:59,FALSE,Washington Cycling,2.27,138,0:17:58,103,127,0.6,--,--,7.6,15.9,66,46,0,0,0,0,0,0,0:00,82.4,0:00,No,00:00.0,1,0
Cycling,12-07-19 16:18,FALSE,Washington Cycling,1.64,86,0:10:10,107,131,0.5,--,--,9.7,19.6,49,75,0,0,0,0,0,0,0:00,82.4,0:00,No,00:00.0,1,0
Running,11-07-19 20:23,FALSE,Running,2.1,299,0:19:56,143,161,3,158,175,9:31,8:56,151,118,1.07,0,0,0,0,0,0:00,77,0:00,No,00:53.3,3,0
Cycling,11-07-19 15:19,FALSE,Washington Cycling,2.17,126,0:15:30,104,141,0.8,--,--,8.4,24.9,36,135,0,0,0,0,0,0,0:00,87.8,0:00,No,00:00.0,1,0
Cycling,11-07-19 14:12,FALSE,Washington Cycling,2.39,229,0:30:05,104,140,1.4,--,--,4.8,17.7,151,30,0,0,0,0,0,0,0:00,82.4,0:00,No,00:00.0,1,0
Cycling,10-07-19 18:27,FALSE,Washington Cycling,0.36,78,06:28.2,124,144,1.1,--,--,3.4,18.1,36,3,0,0,0,0,0,0,0:00,80.6,0:00,No,00:00.0,1,0
Running,10-07-19 15:35,FALSE,Running,1.12,165,0:10:58,142,151,2.4,160,174,9:45,9:06,82,43,1.03,0,0,0,0,0,0:00,86,0:00,No,01:09.8,2,0
Running,09-07-19 18:29,FALSE,Running,1.63,255,0:15:55,149,169,3,157,169,9:47,9:15,125,75,1.04,0,0,0,0,0,0:00,80.6,0:00,No,06:00.1,2,0
Cycling,09-07-19 8:31,FALSE,Washington Cycling,0.67,48,05:08.5,110,150,0.6,--,--,7.9,12.8,33,20,0,0,0,0,0,0,0:00,77,0:00,No,00:00.0,1,0
Cycling,09-07-19 7:36,FALSE,Washington Cycling,1.17,58,08:32.0,95,122,0.4,--,--,8.2,16.3,16,56,0,0,0,0,0,0,0:00,78.8,0:00,No,00:00.0,1,0
Cycling,08-07-19 12:21,FALSE,Washington Cycling,2.26,170,0:15:34,118,139,1.6,--,--,8.7,16.7,154,62,0,0,0,0,0,0,0:00,78.8,0:00,No,00:00.0,1,0
Cycling,07-07-19 21:03,FALSE,Washington Cycling,0.74,131,0:14:45,108,147,0.8,--,--,3,15.6,46,20,0,0,0,0,0,0,0:00,84.2,0:00,No,00:00.0,1,0
Cycling,07-07-19 15:57,FALSE,Washington Cycling,1.97,131,0:11:09,122,143,1.5,--,--,10.6,19.7,49,59,0,0,0,0,0,0,0:00,82.4,0:00,No,00:00.0,1,0
Running,07-07-19 13:16,FALSE,Running,2.08,312,0:19:57,147,170,3.1,162,177,9:35,8:59,157,115,1.04,0,0,0,0,0,0:00,87.8,0:00,No,00:45.8,3,0
Cycling,07-07-19 3:09,FALSE,Washington Cycling,0.82,24,04:19.9,87,115,0.1,--,--,11.4,22.1,23,46,0,0,0,0,0,0,0:00,82.4,0:00,No,00:00.0,1,0
Cycling,06-07-19 14:54,FALSE,Washington Cycling,1.02,61,06:43.0,108,134,0.5,--,--,9.1,20.1,49,26,0,0,0,0,0,0,0:00,82.4,0:00,No,00:00.0,1,0
Cycling,06-07-19 11:41,FALSE,Washington Cycling,1.52,78,0:10:11,102,127,0.4,--,--,9,18,30,49,0,0,0,0,0,0,0:00,89.6,0:00,No,00:00.0,1,0
Cycling,06-07-19 10:18,FALSE,Washington Cycling,1.16,79,08:28.5,110,129,0.6,--,--,8.2,16.5,23,20,0,0,0,0,0,0,0:00,84.2,0:00,No,00:00.0,1,0
Cycling,06-07-19 0:28,FALSE,Washington Cycling,2.22,111,0:14:55,100,120,0.5,--,--,8.9,17.8,72,39,0,0,0,0,0,0,0:00,86,0:00,No,00:00.0,1,0
Cycling,05-07-19 15:51,FALSE,Washington Cycling,1.74,134,0:11:06,124,142,1.7,--,--,9.4,21,52,72,0,0,0,0,0,0,0:00,80.6,0:00,No,00:00.0,1,0
Cycling,04-07-19 16:38,FALSE,Washington Cycling,0.71,51,04:14.6,123,131,0.7,--,--,10,16.3,26,20,0,0,0,0,0,0,0:00,82.4,0:00,No,00:00.0,1,0
Cycling,04-07-19 15:11,FALSE,Washington Cycling,0.64,31,04:36.2,95,113,0.1,--,--,8.3,18.5,3,30,0,0,0,0,0,0,0:00,82.4,0:00,No,00:00.0,1,0
Cycling,04-07-19 3:34,FALSE,Washington Cycling,0.64,23,03:03.2,100,112,0.1,--,--,12.6,20.2,23,36,0,0,0,0,0,0,0:00,84.2,0:00,No,00:00.0,1,0
Cycling,03-07-19 18:27,FALSE,Washington Cycling,0.35,63,06:00.2,116,142,0.6,--,--,3.5,19.7,43,--,0,0,0,0,0,0,0:00,78.8,0:00,No,00:00.0,1,0
Cycling,01-07-19 20:05,FALSE,Washington Cycling,0.98,49,08:23.9,90,111,0.1,--,--,7,20.6,26,49,0,0,0,0,0,0,0:00,82.4,0:00,No,00:00.0,1,0
Cycling,01-07-19 19:52,FALSE,Washington Cycling,0.58,50,06:22.1,102,113,0.3,--,--,5.4,16.4,36,13,0,0,0,0,0,0,0:00,80.6,0:00,No,00:00.0,1,0
Cycling,30-06-19 18:06,FALSE,Washington Cycling,0.54,40,04:31.1,107,119,0.3,--,--,7.2,14.9,33,3,0,0,0,0,0,0,0:00,93.2,0:00,No,00:00.0,1,0
Cycling,30-06-19 16:43,FALSE,Washington Cycling,0.72,24,03:51.0,93,114,0.1,--,--,11.2,18.2,7,39,0,0,0,0,0,0,0:00,82.4,0:00,No,00:00.0,1,0
Cycling,30-06-19 14:40,FALSE,Washington Cycling,3.12,194,0:25:38,104,123,0.6,--,--,7.3,19.7,102,72,0,0,0,0,0,0,0:00,82.4,0:00,No,00:00.0,1,0
Cycling,30-06-19 12:50,FALSE,Washington Cycling,2.11,108,0:15:43,98,120,0.4,--,--,8,21.2,43,75,0,0,0,0,0,0,0:00,80.6,0:00,No,00:00.0,1,0
Cycling,30-06-19 4:08,FALSE,Washington Cycling,0.99,44,05:25.4,102,126,0.3,--,--,11,19.3,20,52,0,0,0,0,0,0,0:00,82.4,0:00,No,00:00.0,1,0
Cycling,29-06-19 18:26,FALSE,Washington Cycling,0.58,38,05:42.2,96,114,0.1,--,--,6.1,17.8,43,16,0,0,0,0,0,0,0:00,80.6,0:00,No,00:00.0,1,0
Running,29-06-19 15:10,FALSE,Washington Running,1.95,310,0:19:09,152,167,3.2,164,178,9:48,7:27,151,135,1,0,0,0,0,0,0:00,86,0:00,No,08:50.3,2,0
Cycling,29-06-19 0:34,FALSE,Washington Cycling,2.32,135,0:18:16,101,125,0.5,--,--,7.6,15.1,69,36,0,0,0,0,0,0,0:00,84.2,0:00,No,00:00.0,1,0
Cycling,28-06-19 15:49,FALSE,Washington Cycling,1.79,109,0:12:36,107,140,0.6,--,--,8.5,19,49,79,0,0,0,0,0,0,0:00,82.4,0:00,No,00:00.0,1,0
Cycling,27-06-19 20:25,FALSE,Washington Cycling,0.73,46,05:03.5,107,126,0.4,--,--,8.7,18.9,33,43,0,0,0,0,0,0,0:00,82.4,0:00,No,00:00.0,1,0
Cycling,27-06-19 18:55,FALSE,Washington Cycling,0.1,52,05:29.5,109,139,0.6,--,--,1.1,13.3,20,--,0,0,0,0,0,0,0:00,80.6,0:00,No,00:00.0,1,0
Cycling,27-06-19 13:20,FALSE,Washington Cycling,0.65,44,06:06.4,97,124,0.3,--,--,6.4,12.4,43,16,0,0,0,0,0,0,0:00,84.2,0:00,No,00:00.0,1,0
Cycling,27-06-19 12:54,FALSE,Washington Cycling,0.17,30,04:09.8,97,125,0.2,--,--,2.4,13.6,13,46,0,0,0,0,0,0,0:00,80.6,0:00,No,00:00.0,1,0
Cycling,26-06-19 21:41,FALSE,Washington Cycling,0.61,47,05:35.1,104,123,0.3,--,--,6.6,20,20,56,0,0,0,0,0,0,0:00,80.6,0:00,No,00:00.0,1,0
Cycling,26-06-19 15:34,FALSE,Washington Cycling,0.67,63,07:00.9,108,134,0.5,--,--,5.7,12.5,36,13,0,0,0,0,0,0,0:00,80.6,0:00,No,00:00.0,1,0
Cycling,25-06-19 12:16,FALSE,Washington Cycling,0.85,73,09:21.5,103,131,0.4,--,--,5.4,15.4,20,52,0,0,0,0,0,0,0:00,84.2,0:00,No,00:00.0,1,0
Cycling,24-06-19 11:02,FALSE,Washington Cycling,1.56,104,0:14:01,101,122,0.6,--,--,6.7,14.3,49,23,0,0,0,0,0,0,0:00,89.6,0:00,No,00:00.0,1,0
Cycling,24-06-19 8:02,FALSE,Washington Cycling,1.84,106,0:10:49,113,129,1,--,--,10.2,21,39,56,0,0,0,0,0,0,0:00,80.6,0:00,No,00:00.0,1,0
Cycling,23-06-19 22:39,FALSE,Washington Cycling,2.17,59,0:14:22,80,99,0.1,--,--,9.1,15.9,59,30,0,0,0,0,0,0,0:00,80.6,0:00,No,00:00.0,1,0
Cycling,23-06-19 15:59,FALSE,Washington Cycling,1.78,75,0:11:18,96,129,0.4,--,--,9.4,21.4,46,85,0,0,0,0,0,0,0:00,80.6,0:00,No,00:00.0,1,0
Cycling,23-06-19 3:10,FALSE,Washington Cycling,0.83,116,0:13:43,108,136,0.7,--,--,3.6,22.8,30,13,0,0,0,0,0,0,0:00,73.4,0:00,No,00:00.0,1,0
Cycling,22-06-19 15:56,FALSE,Washington Cycling,1.68,74,09:22.0,103,139,0.6,--,--,10.8,21.4,49,72,0,0,0,0,0,0,0:00,80.6,0:00,No,00:00.0,1,0
Cycling,21-06-19 22:24,FALSE,Washington Cycling,1.38,128,0:17:19,102,141,0.8,--,--,4.8,13.5,49,26,0,0,0,0,0,0,0:00,78.8,0:00,No,00:00.0,1,0
Cycling,21-06-19 13:51,FALSE,Washington Cycling,2.01,63,0:10:35,92,123,0.3,--,--,11.4,19.3,46,75,0,0,0,0,0,0,0:00,80.6,0:00,No,00:00.0,1,0
Cycling,08-01-19 8:44,FALSE,Washington Cycling,1.04,94,0:10:43,108,127,0.5,--,--,5.8,16.6,23,46,0,0,0,0,0,0,0:00,75.2,0:00,No,00:00.0,1,0
Treadmill Running,07-01-19 21:08,FALSE,Treadmill Running,2,242,0:15:22,149,160,2.8,167,179,7:41,4:46,--,--,1.24,0,0,0,0,0,0:00,77,0:00,No,00:00.0,2,0
Cycling,07-01-19 9:02,FALSE,Washington Cycling,0.6,54,06:20.5,105,121,0.3,--,--,5.7,16.5,26,49,0,0,0,0,0,0,0:00,71.6,0:00,No,00:00.0,1,0
Indoor Cycling,05-01-19 20:41,FALSE,Indoor Cycling,0,207,0:24:53,108,149,0.7,--,--,--,--,--,--,0,0,0,0,0,0,0:00,78.8,0:00,No,00:00.0,1,0
Elliptical,05-01-19 20:02,FALSE,Elliptical,0,487,0:35:27,136,175,3,120,244,--,--,--,--,0,0,0,0,0,0,0:00,75.2,0:00,No,00:00.0,1,0
Cycling,04-01-19 19:44,FALSE,Washington Cycling,0.98,93,0:11:45,104,130,0.4,--,--,5,14.2,75,30,0,0,0,0,0,0,0:00,73.4,0:00,No,00:00.0,2,0
Cycling,03-01-19 19:36,FALSE,Washington Cycling,1.49,147,0:12:55,122,143,1.3,--,--,6.9,13,23,49,0,0,0,0,0,0,0:00,69.8,0:00,No,00:00.0,1,0
Cycling,03-01-19 18:41,FALSE,Washington Cycling,1.66,111,0:10:58,114,138,0.9,--,--,9.1,18.8,49,10,0,0,0,0,0,0,0:00,69.8,0:00,No,00:00.0,1,0
Cycling,03-01-19 8:28,FALSE,Washington Cycling,1.04,78,08:21.1,110,130,0.5,--,--,7.5,18.7,26,49,0,0,0,0,0,0,0:00,69.8,0:00,No,00:00.0,1,0
Cycling,02-01-19 8:18,FALSE,Washington Cycling,0.95,54,06:15.7,106,125,0.3,--,--,9.1,18.1,26,46,0,0,0,0,0,0,0:00,75.2,0:00,No,00:00.0,1,0
Running,01-01-19 12:17,FALSE,Washington Running,2.8,368,0:24:34,145,161,3,165,181,8:46,7:10,184,197,1.11,0,0,0,0,0,0:00,68,0:00,No,00:00.0,3,0
Treadmill Running,30-12-18 16:29,FALSE,Treadmill Running,2,228,0:15:18,142,154,2.5,171,179,7:40,4:43,--,--,1.23,0,0,0,0,0,0:00,75.2,0:00,No,00:00.0,2,0
Treadmill Running,28-12-18 17:01,FALSE,Treadmill Running,2.01,234,0:15:05,147,163,2.7,174,181,7:31,4:40,--,--,1.23,0,0,0,0,0,0:00,73.4,0:00,No,00:00.0,3,0
Treadmill Running,27-12-18 14:07,FALSE,Treadmill Running,3.01,353,0:22:38,148,161,3.1,174,179,7:31,5:40,--,--,1.24,0,0,0,0,0,0:00,73.4,0:00,No,00:00.0,4,0
Treadmill Running,26-12-18 13:44,FALSE,Treadmill Running,3,357,0:22:48,149,161,3.1,173,179,7:36,7:50,--,--,1.06,0,0,0,0,0,0:00,75.2,0:00,No,00:00.0,3,0
Running,25-12-18 14:57,FALSE,Shawnee Running,4.02,568,0:36:37,153,170,3.5,166,176,9:06,7:10,249,253,1.07,0,0,0,0,0,0:00,57.2,0:00,No,00:00.0,5,0
Treadmill Running,24-12-18 13:38,FALSE,Treadmill Running,2.06,243,0:15:31,149,161,2.8,171,177,7:32,7:01,--,--,1.25,0,0,0,0,0,0:00,75.2,0:00,No,00:00.0,3,0
Treadmill Running,22-12-18 22:13,FALSE,Treadmill Running,2.01,239,0:15:29,147,168,2.9,167,173,7:42,5:36,--,--,1.25,0,0,0,0,0,0:00,75.2,0:00,No,00:00.0,3,0
Indoor Cycling,21-12-18 23:51,FALSE,Indoor Cycling,0,281,0:35:31,106,132,1.1,--,--,--,--,--,--,0,0,0,0,0,0,0:00,82.4,0:00,No,00:00.0,1,0
Cycling,21-12-18 9:28,FALSE,Washington Cycling,0.99,62,05:58.1,115,129,0.6,--,--,9.9,16.5,23,39,0,0,0,0,0,0,0:00,80.6,0:00,No,00:00.0,1,0
Treadmill Running,20-12-18 21:26,FALSE,Treadmill Running,2,264,0:15:17,164,177,3.3,169,175,7:38,7:26,--,--,1.2,0,0,0,0,0,0:00,78.8,0:00,No,00:00.0,2,0
Treadmill Running,19-12-18 21:28,FALSE,Treadmill Running,1.96,253,0:15:21,157,164,3.1,169,177,7:51,5:34,--,--,1.22,0,0,0,0,0,0:00,78.8,0:00,No,00:00.0,2,0
Cycling,19-12-18 19:37,FALSE,Washington Cycling,0.42,47,04:58.8,110,136,0.4,--,--,5.1,11.5,46,--,0,0,0,0,0,0,0:00,69.8,0:00,No,00:00.0,1,0
Cycling,19-12-18 8:46,FALSE,Washington Cycling,1.13,106,0:11:31,110,131,0.8,--,--,5.9,19.2,33,46,0,0,0,0,0,0,0:00,73.4,0:00,No,00:00.0,1,0
Cycling,18-12-18 8:57,FALSE,Washington Cycling,1,58,06:58.1,103,128,0.5,--,--,8.6,16.9,30,49,0,0,0,0,0,0,0:00,68,0:00,No,00:00.0,1,0
Elliptical,17-12-18 22:34,FALSE,Elliptical,0,343,0:27:12,130,161,3.2,94,158,--,--,--,--,0,0,0,0,0,0,0:00,82.4,0:00,No,00:00.0,1,0
Cycling,17-12-18 8:48,FALSE,Washington Cycling,0.62,80,0:10:17,102,127,0.5,--,--,3.6,19.7,26,39,0,0,0,0,0,0,0:00,75.2,0:00,No,00:00.0,1,0
Treadmill Running,16-12-18 18:40,FALSE,Treadmill Running,2.01,250,0:16:23,144,162,3.1,165,171,8:09,7:58,--,--,1.13,0,0,0,0,0,0:00,75.2,0:00,No,00:00.0,2,0
Treadmill Running,15-12-18 22:48,FALSE,Treadmill Running,2.05,258,0:17:37,140,153,3,164,175,8:35,7:18,--,--,1.25,0,0,0,0,0,0:00,77,0:00,No,00:00.0,3,0
Elliptical,14-12-18 21:23,FALSE,Elliptical,0,493,0:35:21,139,169,3.3,129,170,--,--,--,--,0,0,0,0,0,0,0:00,75.2,0:00,No,00:00.0,1,0
Treadmill Running,13-12-18 21:23,FALSE,Treadmill Running,0.99,131,07:58.3,157,171,2.6,166,191,8:04,7:02,--,--,1.2,0,0,0,0,0,0:00,73.4,0:00,No,00:00.0,1,0
Treadmill Running,13-12-18 20:29,FALSE,Treadmill Running,1.06,143,0:10:01,138,155,2.3,144,179,9:27,7:12,--,--,1.11,0,0,0,0,0,0:00,77,0:00,No,00:00.0,2,0
Cycling,13-12-18 18:52,FALSE,Washington Cycling,0.79,77,0:10:04,101,126,0.5,--,--,4.7,15,56,30,0,0,0,0,0,0,0:00,75.2,0:00,No,00:00.0,1,0
Cycling,13-12-18 8:42,FALSE,Washington Cycling,0.44,45,05:59.3,101,122,0.3,--,--,4.4,14.8,16,36,0,0,0,0,0,0,0:00,71.6,0:00,No,00:00.0,1,0
Elliptical,12-12-18 22:23,FALSE,Elliptical,0,382,0:29:12,133,151,2.8,112,197,--,--,--,--,0,0,0,0,0,0,0:00,75.2,0:00,No,00:00.0,1,0
Treadmill Running,11-12-18 21:31,FALSE,Treadmill Running,2,249,0:15:30,152,162,3.2,169,177,7:44,5:40,--,--,1.23,0,0,0,0,0,0:00,73.4,0:00,No,00:00.0,3,0
Cycling,11-12-18 9:00,FALSE,Washington Cycling,0.55,86,09:38.0,108,129,0.8,--,--,3.4,18.3,16,33,0,0,0,0,0,0,0:00,62.6,0:00,No,00:00.0,1,0
Elliptical,10-12-18 21:25,FALSE,Elliptical,0,470,0:36:18,132,180,3.3,111,236,--,--,--,--,0,0,0,0,0,0,0:00,75.2,0:00,No,00:00.0,1,0
Cycling,10-12-18 9:01,FALSE,Washington Cycling,0.48,69,08:02.8,106,123,0.5,--,--,3.5,20.1,7,26,0,0,0,0,0,0,0:00,60.8,0:00,No,00:00.0,1,0
Elliptical,07-12-18 19:17,FALSE,Elliptical,0,473,0:43:13,126,166,2.6,88,238,--,--,--,--,0,0,0,0,0,0,0:00,77,0:00,No,00:00.0,1,0
Cycling,07-12-18 8:50,FALSE,Washington Cycling,0.59,63,05:31.1,120,133,0.9,--,--,6.4,17.1,23,52,0,0,0,0,0,0,0:00,73.4,0:00,No,00:00.0,1,0
Elliptical,06-12-18 22:12,FALSE,Elliptical,0,389,0:35:55,122,146,2.3,82,194,--,--,--,--,0,0,0,0,0,0,0:00,75.2,0:00,No,00:00.0,1,0
Cycling,06-12-18 19:00,FALSE,Washington Cycling,0.67,50,06:36.9,98,127,0.4,--,--,6,14.4,43,23,0,0,0,0,0,0,0:00,75.2,0:00,No,00:00.0,1,0
Cycling,06-12-18 8:45,FALSE,Washington Cycling,0.6,50,06:33.6,101,116,0.3,--,--,5.5,16.4,20,46,0,0,0,0,0,0,0:00,66.2,0:00,No,00:00.0,1,0
Cycling,05-12-18 8:56,FALSE,Washington Cycling,0.7,82,08:18.7,113,127,0.8,--,--,5.1,18.2,26,52,0,0,0,0,0,0,0:00,73.4,0:00,No,00:00.0,1,0
Cycling,03-12-18 18:23,FALSE,Washington Cycling,1.15,69,08:30.4,104,126,0.5,--,--,8.1,17.4,52,33,0,0,0,0,0,0,0:00,68,0:00,No,00:00.0,1,0
Cycling,02-12-18 20:23,FALSE,Washington Cycling,0.89,77,0:12:29,94,109,0.3,--,--,4.3,15.9,10,23,0,0,0,0,0,0,0:00,69.8,0:00,No,00:00.0,2,0
Running,02-12-18 13:18,FALSE,Washington Running,2.95,394,0:24:32,153,167,3.5,167,187,8:19,6:49,184,184,1.16,0,0,0,0,0,0:00,73.4,0:00,No,00:00.0,3,0
Cycling,30-09-18 18:14,FALSE,Washington Cycling,1.87,116,0:21:17,90,118,0.3,--,--,5.3,10.2,75,49,0,0,0,0,0,0,0:00,78.8,0:00,No,00:00.0,1,0
Cycling,29-09-18 9:58,FALSE,Washington Cycling,0.44,28,03:51.8,99,112,0.1,--,--,6.8,17.9,13,26,0,0,0,0,0,0,0:00,78.8,0:00,No,00:00.0,1,0
Running,28-09-18 22:49,FALSE,Washington Running,2.02,273,0:17:52,146,164,3,164,179,8:50,7:25,151,125,1.11,0,0,0,0,0,0:00,69.8,0:00,No,00:00.0,3,0
Cycling,25-09-18 8:50,FALSE,Washington Cycling,0.65,46,06:52.9,95,128,0.3,--,--,5.6,15.2,23,10,0,0,0,0,0,0,0:00,75.2,0:00,No,00:00.0,1,0
Running,24-09-18 18:54,FALSE,Washington Running,2.04,271,0:17:14,150,168,3.1,164,181,8:26,6:23,161,105,1.17,0,0,0,0,0,0:00,68,0:00,No,00:00.0,3,0
Treadmill Running,23-09-18 21:19,FALSE,Treadmill Running,2.63,345,0:22:44,144,159,3.1,157,171,8:39,7:07,--,--,1.19,0,0,0,0,0,0:00,77,0:00,No,00:00.0,3,0
Running,22-09-18 19:48,FALSE,Washington Running,2.05,286,0:17:45,153,176,3.2,162,175,8:40,6:52,161,121,1.15,0,0,0,0,0,0:00,71.6,0:00,No,00:00.0,3,0
Running,21-09-18 22:22,FALSE,Washington Running,2.1,294,0:21:53,135,146,2.5,156,174,10:26,8:20,161,131,0.99,0,0,0,0,0,0:00,78.8,0:00,No,00:00.0,3,0
Cycling,21-09-18 8:37,FALSE,Washington Cycling,0.17,9,01:33.1,92,100,0,--,--,6.4,10.7,13,--,0,0,0,0,0,0,0:00,77,0:00,No,00:00.0,1,0
Running,18-09-18 20:57,FALSE,Washington Running,1.96,293,0:20:32,140,160,2.7,156,172,10:27,8:27,157,115,0.99,0,0,0,0,0,0:00,78.8,0:00,No,00:00.0,2,0
Treadmill Running,16-09-18 18:40,FALSE,Treadmill Running,1,143,08:33.6,155,163,2.4,163,171,8:34,7:41,--,--,1.15,0,0,0,0,0,0:00,75.2,0:00,No,00:00.0,1,0
Cycling,16-09-18 17:34,FALSE,Washington Cycling,1.09,45,06:54.2,93,113,0.1,--,--,9.5,20.5,36,33,0,0,0,0,0,0,0:00,82.4,0:00,No,00:00.0,1,0
Treadmill Running,15-09-18 23:43,FALSE,Treadmill Running,1.01,124,08:25.6,139,159,2.1,161,171,8:21,6:46,--,--,1.2,0,0,0,0,0,0:00,75.2,0:00,No,00:00.0,2,0
Treadmill Running,14-09-18 22:56,FALSE,Treadmill Running,1.03,191,0:17:43,123,151,2.2,81,171,17:12,6:48,--,--,0.81,0,0,0,0,0,0:00,77,0:00,No,00:00.0,2,0
Treadmill Running,09-09-18 20:51,FALSE,Treadmill Running,1.05,133,08:21.8,148,160,2.2,165,173,8:00,7:27,--,--,1.22,0,0,0,0,0,0:00,77,0:00,No,00:00.0,2,0
Treadmill Running,09-09-18 20:00,FALSE,Treadmill Running,1.02,123,08:26.9,137,159,2,162,223,8:17,7:04,--,--,1.28,0,0,0,0,0,0:00,78.8,0:00,No,00:00.0,2,0
Running,29-08-18 14:55,FALSE,Kansas City Running,4.3,536,0:34:50,146,164,3.3,165,179,8:06,6:55,121,125,1.2,0,0,0,0,0,0:00,78.8,0:00,No,00:00.0,5,0
Running,28-08-18 15:24,FALSE,Kansas City Running,4.26,608,0:36:41,156,183,4,163,184,8:37,6:30,105,144,1.14,0,0,0,0,0,0:00,82.4,0:00,No,00:00.0,5,0
Running,27-08-18 12:35,FALSE,Kansas City Running,4.25,571,0:36:24,150,169,3.5,164,176,8:34,7:05,98,135,1.15,0,0,0,0,0,0:00,86,0:00,No,00:00.0,5,0
Running,23-08-18 21:27,FALSE,Kansas City Running,4.4,675,0:40:02,158,182,4.2,161,177,9:06,7:06,131,148,1.1,0,0,0,0,0,0:00,71.6,0:00,No,00:00.0,5,0
Running,21-08-18 14:23,FALSE,Kansas City Running,4.25,567,0:35:59,147,159,3.4,164,172,8:28,7:36,102,138,1.16,0,0,0,0,0,0:00,84.2,0:00,No,00:00.0,5,0
Running,20-08-18 17:22,FALSE,Kansas City Running,3.01,435,0:27:04,151,171,3.3,163,176,8:59,6:17,138,157,1.1,0,0,0,0,0,0:00,71.6,0:00,No,00:00.0,4,0
Running,19-08-18 14:52,FALSE,Kansas City Running,3,373,0:26:00,138,155,2.8,161,173,8:39,7:16,72,85,1.15,0,0,0,0,0,0:00,77,0:00,No,00:00.0,4,0
Running,18-08-18 13:45,FALSE,Kansas City Running,4.3,614,0:37:13,154,176,3.9,163,172,8:39,7:35,115,125,1.14,0,0,0,0,0,0:00,86,0:00,No,00:00.0,5,0
Running,16-08-18 14:28,FALSE,Kansas City Running,3,361,0:22:25,150,180,3.3,169,229,7:28,6:12,79,98,1.27,0,0,0,0,0,0:00,84.2,0:00,No,00:00.0,4,0
Running,14-08-18 12:57,FALSE,Kansas City Running,1.74,240,0:16:47,136,148,2.4,159,169,9:38,1:30,82,89,1.05,0,0,0,0,0,0:00,84.2,0:00,No,00:00.0,2,0
Running,11-08-18 14:10,FALSE,Kansas City Running,3.01,401,0:26:11,144,163,3.1,160,176,8:43,7:23,85,89,1.15,0,0,0,0,0,0:00,84.2,0:00,No,00:00.0,4,0
Running,10-08-18 11:57,FALSE,Kansas City Running,3.01,419,0:26:14,150,171,3.3,162,176,8:44,7:22,82,82,1.14,0,0,0,0,0,0:00,87.8,0:00,No,00:00.0,4,0
Running,08-08-18 16:27,FALSE,Kansas City Running,4.4,596,0:37:37,148,172,3.6,162,176,8:33,7:09,138,135,1.16,0,0,0,0,0,0:00,84.2,0:00,No,00:00.0,5,0
Running,04-08-18 12:11,FALSE,Kansas City Running,3.69,512,0:32:10,151,171,3.3,160,182,8:43,6:43,154,128,1.15,0,0,0,0,0,0:00,87.8,0:00,No,00:00.0,4,0
Running,03-08-18 16:22,FALSE,Kansas City Running,3,395,0:24:33,152,174,3.4,164,174,8:10,6:36,82,85,1.2,0,0,0,0,0,0:00,84.2,0:00,No,00:00.0,4,0
Running,02-08-18 15:23,FALSE,Kansas City Running,4.31,594,0:36:29,152,174,3.9,163,174,8:28,7:28,108,121,1.17,0,0,0,0,0,0:00,87.8,0:00,No,00:00.0,5,0
Running,30-07-18 19:34,FALSE,Kansas City Running,3,375,0:24:18,146,165,3.2,162,175,8:06,6:56,72,89,1.23,0,0,0,0,0,0:00,77,0:00,No,00:00.0,4,0
Running,28-07-18 12:38,FALSE,Kansas City Running,4.31,572,0:35:40,153,178,3.8,165,180,8:17,6:50,125,138,1.18,0,0,0,0,0,0:00,82.4,0:00,No,00:00.0,5,0
Running,25-07-18 13:35,FALSE,Kansas City Running,3.01,389,0:24:15,152,176,3.5,164,178,8:04,6:42,66,82,1.21,0,0,0,0,0,0:00,80.6,0:00,No,00:00.0,4,0
Running,23-07-18 11:53,FALSE,Kansas City Running,3.86,493,0:40:52,127,141,2.1,154,226,10:36,8:32,112,79,0.99,0,0,0,0,0,0:00,82.4,0:00,No,00:00.0,4,0
Running,21-07-18 14:36,FALSE,Kansas City Running,1.19,149,0:10:03,142,161,2.3,152,174,8:25,6:59,36,52,1.25,0,0,0,0,0,0:00,80.6,0:00,No,00:00.0,2,0
Running,18-07-18 13:16,FALSE,Kansas City Running,0.55,69,04:18.6,155,172,1.8,159,189,7:49,6:03,39,33,1.3,0,0,0,0,0,0:00,84.2,0:00,No,00:00.0,1,0
Running,18-07-18 12:46,FALSE,Kansas City Running,2.99,411,0:25:39,152,182,3.4,160,184,8:35,6:28,92,69,1.17,0,0,0,0,0,0:00,84.2,0:00,No,00:00.0,3,0
Running,17-07-18 12:33,FALSE,Kansas City Running,1.9,253,0:16:39,146,165,2.8,159,183,8:46,6:54,105,82,1.15,0,0,0,0,0,0:00,82.4,0:00,No,00:00.0,2,0
Running,16-07-18 18:17,FALSE,Kansas City Running,3.01,397,0:24:43,153,177,3.5,163,176,8:14,7:11,79,102,1.2,0,0,0,0,0,0:00,86,0:00,No,00:00.0,4,0
Cycling,14-07-18 22:44,FALSE,Kansas City Cycling,1.82,139,0:15:55,108,132,0.8,--,--,6.9,19.3,33,79,0,0,0,0,0,0,0:00,82.4,0:00,No,00:00.0,1,0
Cycling,14-07-18 21:33,FALSE,Kansas City Cycling,2.41,166,0:22:12,102,134,0.8,--,--,6.5,14.5,144,72,0,0,0,0,0,0,0:00,82.4,0:00,No,00:00.0,1,0
Running,12-07-18 18:28,FALSE,Kansas City Running,3.01,416,0:25:59,152,176,3.5,159,172,8:39,7:11,72,92,1.17,0,0,0,0,0,0:00,82.4,0:00,No,00:00.0,4,0
Running,11-07-18 13:50,FALSE,Kansas City Running,0.78,107,06:38.1,156,174,2.4,162,245,8:30,6:56,43,66,1.17,0,0,0,0,0,0:00,77,0:00,No,00:00.0,1,0
Running,11-07-18 13:06,FALSE,Kansas City Running,0.77,92,06:00.4,144,158,2,162,179,7:50,6:31,49,52,1.27,0,0,0,0,0,0:00,80.6,0:00,No,00:00.0,1,0
Running,09-07-18 17:24,FALSE,Kansas City Running,0.8,110,07:21.5,144,159,2,156,172,9:11,8:03,46,75,1.13,0,0,0,0,0,0:00,77,0:00,No,00:00.0,1,0
Running,09-07-18 16:26,FALSE,Kansas City Running,0.73,93,06:08.0,144,163,2,161,177,8:24,7:08,52,46,1.19,0,0,0,0,0,0:00,82.4,0:00,No,00:00.0,1,0
Running,07-07-18 13:17,FALSE,Kansas City Running,0.8,116,07:21.9,152,170,2.2,160,170,9:09,8:04,43,66,1.1,0,0,0,0,0,0:00,78.8,0:00,No,00:00.0,1,0
Running,07-07-18 12:35,FALSE,Kansas City Running,0.84,107,07:02.1,146,167,2.1,163,176,8:20,7:05,75,52,1.18,0,0,0,0,0,0:00,87.8,0:00,No,00:00.0,1,0
Running,05-07-18 18:26,FALSE,Kansas City Running,4.31,587,0:37:39,151,179,3.8,162,186,8:44,6:19,108,138,1.14,0,0,0,0,0,0:00,82.4,0:00,No,00:00.0,5,0
Running,03-07-18 18:20,FALSE,Kansas City Running,0.81,106,07:01.4,148,159,2.1,157,170,8:42,7:55,39,75,1.18,0,0,0,0,0,0:00,78.8,0:00,No,00:00.0,1,0
Running,03-07-18 17:40,FALSE,Kansas City Running,0.74,90,06:33.3,137,157,1.8,160,172,8:54,7:45,56,52,1.13,0,0,0,0,0,0:00,82.4,0:00,No,00:00.0,1,0
Running,02-07-18 16:14,FALSE,Kansas City Running,4.32,564,0:37:46,146,172,3.4,162,178,8:45,6:50,108,131,1.14,0,0,0,0,0,0:00,82.4,0:00,No,00:00.0,5,0
Running,01-07-18 14:26,FALSE,Kansas City Running,0.8,100,06:40.4,144,164,2.1,163,177,8:20,6:49,52,79,1.18,0,0,0,0,0,0:00,77,0:00,No,00:00.0,1,0
Running,01-07-18 13:38,FALSE,Kansas City Running,0.78,88,07:00.5,126,148,1.5,158,186,9:01,6:22,75,49,1.13,0,0,0,0,0,0:00,84.2,0:00,No,00:00.0,1,0
Running,26-06-18 16:43,FALSE,Kansas City Running,4.31,585,0:36:56,152,181,3.9,164,182,8:35,7:09,121,144,1.15,0,0,0,0,0,0:00,87.8,0:00,No,00:00.0,5,0
Running,22-06-18 18:14,FALSE,Kansas City Running,0.75,108,07:15.9,146,162,2.1,159,173,9:41,2:35,43,66,1.05,0,0,0,0,0,0:00,75.2,0:00,No,00:00.0,1,0
Running,22-06-18 17:36,FALSE,Kansas City Running,0.81,149,0:12:25,128,150,2,101,171,15:24,8:14,75,43,1.03,0,0,0,0,0,0:00,77,0:00,No,00:00.0,1,0
Treadmill Running,21-06-18 12:50,FALSE,Treadmill Running,0.76,127,08:55.2,146,166,2.2,124,173,11:44,7:13,--,--,1.11,0,0,0,0,0,0:00,73.4,0:00,No,00:00.0,1,0
Treadmill Running,21-06-18 12:06,FALSE,Treadmill Running,0.89,115,07:57.2,138,150,2.1,159,173,8:53,7:23,--,--,1.14,0,0,0,0,0,0:00,75.2,0:00,No,00:00.0,1,0
Running,19-06-18 15:57,FALSE,Kansas City Running,2.27,293,0:21:21,137,155,2.3,148,179,9:25,6:41,95,105,1.15,0,0,0,0,0,0:00,80.6,0:00,No,00:00.0,3,0
Treadmill Running,18-06-18 16:29,FALSE,Treadmill Running,0.76,112,07:59.0,139,163,2,131,187,10:29,5:16,--,--,1.17,0,0,0,0,0,0:00,78.8,0:00,No,00:00.0,1,0
Running,15-06-18 15:00,FALSE,Kansas City Running,3.01,424,0:28:02,148,170,3.3,147,192,9:19,5:57,82,112,1.18,0,0,0,0,0,0:00,82.4,0:00,No,00:00.0,4,0
Running,13-06-18 16:44,FALSE,Kansas City Running,4.13,538,0:37:06,145,177,3.4,161,177,8:59,7:16,89,135,1.11,0,0,0,0,0,0:00,80.6,0:00,No,00:00.0,5,0
Running,12-06-18 18:40,FALSE,Kansas City Running,2.45,317,0:22:51,141,163,2.9,157,191,9:20,5:57,39,82,1.1,0,0,0,0,0,0:00,80.6,0:00,No,00:00.0,3,0
Cycling,11-06-18 19:51,FALSE,Kansas City Cycling,2.05,156,0:18:21,108,132,0.9,--,--,6.7,11.5,16,108,0,0,0,0,0,0,0:00,87.8,0:00,No,00:00.0,1,0
Running,11-06-18 18:54,FALSE,Kansas City Running,2.6,363,0:30:03,131,159,2.5,147,174,11:34,7:29,89,49,0.94,0,0,0,0,0,0:00,86,0:00,No,00:00.0,3,0
Running,09-06-18 13:25,FALSE,Kansas City Running,4.1,538,0:34:40,153,179,4.1,164,176,8:27,6:01,85,128,1.16,0,0,0,0,0,0:00,86,0:00,No,00:00.0,5,0
Running,05-06-18 15:49,FALSE,Kansas City Running,2.91,391,0:25:28,150,164,3.7,161,172,8:45,7:09,85,89,1.14,0,0,0,0,0,0:00,87.8,0:00,No,00:00.0,3,0
Running,04-06-18 19:43,FALSE,Kansas City Running,4.37,567,0:47:07,131,167,3.6,129,177,10:48,6:55,118,135,1.15,0,0,0,0,0,0:00,77,0:00,No,00:00.0,5,0
Running,31-05-18 16:59,FALSE,Kansas City Running,0.83,122,08:08.0,150,169,2.4,148,176,9:51,7:54,46,72,1.1,0,0,0,0,0,0:00,78.8,0:00,No,00:00.0,1,0
Running,31-05-18 16:17,FALSE,Kansas City Running,0.81,113,07:48.1,144,165,2.3,150,175,9:41,6:55,75,49,1.11,0,0,0,0,0,0:00,78.8,0:00,No,00:00.0,1,0
Running,30-05-18 18:49,FALSE,Kansas City Running,3.01,409,0:27:10,148,173,3.8,155,178,9:02,6:43,69,95,1.15,0,0,0,0,0,0:00,82.4,0:00,No,00:00.0,4,0
Treadmill Running,29-05-18 18:30,FALSE,Treadmill Running,1.5,200,0:15:57,130,138,2.3,141,166,10:38,7:35,--,--,1.13,0,0,0,0,0,0:00,75.2,0:00,No,00:00.0,2,0
Cycling,27-05-18 13:44,FALSE,Kansas City Cycling,1.73,110,0:15:55,100,119,0.5,--,--,6.5,13.4,26,125,0,0,0,0,0,0,0:00,95,0:00,No,00:00.0,1,0
Cycling,27-05-18 12:59,FALSE,Kansas City Cycling,1.9,143,0:24:09,94,121,0.5,--,--,4.7,14.6,131,154,0,0,0,0,0,0,0:00,93.2,0:00,No,00:00.0,1,0
Running,25-05-18 15:39,FALSE,Kansas City Running,3,417,0:28:34,143,163,3.5,157,170,9:30,7:33,89,82,1.08,0,0,0,0,0,0:00,84.2,0:00,No,00:00.0,4,0
Treadmill Running,24-05-18 12:16,FALSE,Treadmill Running,1.09,142,09:41.2,142,154,2.5,159,168,8:53,8:46,--,--,1.07,0,0,0,0,0,0:00,80.6,0:00,No,00:00.0,2,0
Running,23-05-18 13:29,FALSE,Kansas City Running,0.67,97,06:33.5,145,161,2.2,152,170,9:44,7:39,33,56,1.09,0,0,0,0,0,0:00,78.8,0:00,No,00:00.0,1,0
Running,23-05-18 12:28,FALSE,Kansas City Running,0.98,130,09:18.7,136,155,2.3,158,165,9:31,8:26,56,52,1.07,0,0,0,0,0,0:00,82.4,0:00,No,00:00.0,1,0
Treadmill Running,20-05-18 17:39,FALSE,Treadmill Running,1,130,08:52.0,142,150,2.4,160,169,8:52,5:30,--,--,1.22,0,0,0,0,0,0:00,75.2,0:00,No,00:00.0,2,0
Treadmill Running,20-05-18 16:59,FALSE,Treadmill Running,1.1,106,09:13.8,122,130,1.4,157,166,8:23,7:39,--,--,1.16,0,0,0,0,0,0:00,77,0:00,No,00:00.0,2,0
Treadmill Running,19-05-18 15:45,FALSE,Treadmill Running,2,239,0:17:29,135,144,2.7,160,166,8:44,6:06,--,--,1.21,0,0,0,0,0,0:00,77,0:00,No,00:00.0,3,0
Treadmill Running,18-05-18 12:51,FALSE,Treadmill Running,1.02,135,08:52.4,150,169,2.6,159,168,8:42,7:47,--,--,1.16,0,0,0,0,0,0:00,75.2,0:00,No,00:00.0,2,0
Treadmill Running,18-05-18 12:10,FALSE,Treadmill Running,1.03,137,09:27.7,140,152,2.4,148,172,9:11,7:21,--,--,1.21,0,0,0,0,0,0:00,78.8,0:00,No,00:00.0,2,0
Running,26-04-18 15:31,FALSE,Kansas City Running,4.22,575,0:35:53,157,177,4.1,165,236,8:30,5:10,128,135,1.15,0,0,0,0,0,0:00,75.2,0:00,No,00:00.0,5,0
Treadmill Running,25-04-18 16:41,FALSE,Treadmill Running,1,129,09:05.5,140,155,2.2,149,177,9:03,5:16,--,--,1.19,0,0,0,0,0,0:00,75.2,0:00,No,00:00.0,2,0
Treadmill Running,25-04-18 16:11,FALSE,Treadmill Running,0.9,116,07:44.3,146,158,2.2,160,177,8:35,5:51,--,--,1.17,0,0,0,0,0,0:00,73.4,0:00,No,00:00.0,1,0
Treadmill Running,24-04-18 15:56,FALSE,Treadmill Running,1,143,09:21.7,146,159,2.4,156,171,9:22,6:37,--,--,1.19,0,0,0,0,0,0:00,75.2,0:00,No,00:00.0,2,0
Treadmill Running,24-04-18 15:14,FALSE,Treadmill Running,0.55,67,04:14.0,155,159,2,169,175,7:41,5:38,--,--,1.24,0,0,0,0,0,0:00,78.8,0:00,No,00:00.0,1,0
Treadmill Running,22-04-18 15:12,FALSE,Treadmill Running,0.68,88,05:27.2,161,177,2.3,154,181,8:03,4:14,--,--,1.3,0,0,0,0,0,0:00,75.2,0:00,No,00:00.0,1,0
Treadmill Running,22-04-18 14:23,FALSE,Treadmill Running,1.1,123,09:15.3,135,154,2.1,147,181,8:25,4:17,--,--,1.28,0,0,0,0,0,0:00,77,0:00,No,00:00.0,2,0
Treadmill Running,21-04-18 14:45,FALSE,Treadmill Running,1.12,122,08:14.6,147,165,2.3,166,177,7:22,4:34,--,--,1.24,0,0,0,0,0,0:00,73.4,0:00,No,00:00.0,2,0
Treadmill Running,19-04-18 16:31,FALSE,Treadmill Running,0.81,94,0:10:13,112,130,1,108,183,12:38,5:09,--,--,1.18,0,0,0,0,0,0:00,77,0:00,No,00:00.0,1,0
Treadmill Running,15-04-18 12:20,FALSE,Treadmill Running,3,335,0:25:52,134,145,2.6,164,170,8:37,5:29,--,--,1.16,0,0,0,0,0,0:00,71.6,0:00,No,00:00.0,4,0
Treadmill Running,13-04-18 17:26,FALSE,Treadmill Running,0.95,114,07:54.7,142,154,2.2,152,177,8:21,4:29,--,--,1.26,0,0,0,0,0,0:00,77,0:00,No,00:00.0,1,0
Treadmill Running,12-04-18 12:00,FALSE,Treadmill Running,0.93,104,08:01.5,132,152,2,158,175,8:35,5:44,--,--,1.19,0,0,0,0,0,0:00,75.2,0:00,No,00:00.0,1,0
Treadmill Running,12-04-18 11:22,FALSE,Treadmill Running,1.01,131,09:31.3,140,152,2.2,146,171,9:27,4:40,--,--,1.17,0,0,0,0,0,0:00,75.2,0:00,No,00:00.0,2,0
Treadmill Running,10-04-18 18:18,FALSE,Treadmill Running,1.02,112,07:21.8,153,167,2.5,165,183,7:15,4:43,--,--,1.35,0,0,0,0,0,0:00,75.2,0:00,No,00:00.0,2,0
Treadmill Running,10-04-18 17:48,FALSE,Treadmill Running,1,117,07:59.0,144,151,2.3,162,175,7:59,5:51,--,--,1.25,0,0,0,0,0,0:00,77,0:00,No,00:00.0,1,0
Treadmill Running,09-04-18 13:31,FALSE,Treadmill Running,0.99,140,09:02.0,153,165,2.6,151,173,9:05,5:26,--,--,1.18,0,0,0,0,0,0:00,73.4,0:00,No,00:00.0,1,0
Treadmill Running,09-04-18 12:48,FALSE,Treadmill Running,0.99,130,08:56.0,143,159,2.4,151,175,8:59,6:18,--,--,1.18,0,0,0,0,0,0:00,75.2,0:00,No,00:00.0,1,0
Treadmill Running,06-04-18 13:04,FALSE,Treadmill Running,1.5,182,0:11:43,153,169,3,168,179,7:49,5:59,--,--,1.15,0,0,0,0,0,0:00,73.4,0:00,No,00:00.0,2,0
Treadmill Running,06-04-18 12:28,FALSE,Treadmill Running,1.5,232,0:23:02,124,154,2.7,93,175,15:22,4:44,--,--,1.16,0,0,0,0,0,0:00,73.4,0:00,No,00:00.0,2,0
Treadmill Running,04-04-18 16:23,FALSE,Treadmill Running,2,272,0:17:50,146,165,3.1,151,173,8:55,5:53,--,--,0.95,0,0,0,0,0,0:00,75.2,0:00,No,00:00.0,2,0
Treadmill Running,03-04-18 16:49,FALSE,Treadmill Running,0.67,155,0:16:29,116,148,2,74,171,24:47:00,7:09,--,--,0.88,0,0,0,0,0,0:00,75.2,0:00,No,00:00.0,1,0
Treadmill Running,03-04-18 16:20,FALSE,Treadmill Running,0.87,159,0:13:01,129,147,2.2,102,175,14:59,5:59,--,--,1.06,0,0,0,0,0,0:00,69.8,0:00,No,00:00.0,1,0
Treadmill Running,02-04-18 16:32,FALSE,Treadmill Running,0.82,139,0:12:28,124,148,2.2,106,173,15:15,5:48,--,--,1,0,0,0,0,0,0:00,66.2,0:00,No,00:00.0,1,0
Cycling,31-03-18 14:14,FALSE,Kansas City Cycling,1.93,114,0:15:28,102,126,0.6,--,--,7.5,20.2,13,141,0,0,0,0,0,0,0:00,69.8,0:00,No,00:00.0,1,0
Cycling,31-03-18 13:23,FALSE,Kansas City Cycling,1.27,138,0:18:43,103,128,0.7,--,--,4.1,9.2,128,3,0,0,0,0,0,0,0:00,77,0:00,No,00:00.0,1,0
Treadmill Running,30-03-18 12:48,FALSE,Treadmill Running,0.46,69,05:55.4,124,152,1.3,114,175,12:46,6:43,--,--,1.11,0,0,0,0,0,0:00,78.8,0:00,No,00:00.0,1,0
Treadmill Running,29-03-18 16:10,FALSE,Treadmill Running,0.84,131,08:20.0,153,163,2.4,153,179,9:56,5:51,--,--,1.06,0,0,0,0,0,0:00,75.2,0:00,No,00:00.0,1,0
Treadmill Running,29-03-18 15:32,FALSE,Treadmill Running,0.87,161,0:15:20,124,166,2.4,89,171,17:42,6:42,--,--,1.03,0,0,0,0,0,0:00,73.4,0:00,No,00:00.0,1,0
Treadmill Running,28-03-18 18:27,FALSE,Treadmill Running,0.9,247,0:29:49,115,155,2.3,56,166,33:07:00,8:24,--,--,0.87,0,0,0,0,0,0:00,75.2,0:00,No,00:00.0,1,0
Treadmill Running,28-03-18 17:55,FALSE,Treadmill Running,0.1,15,01:06.3,138,144,0.4,138,169,11:22,7:08,--,--,1.02,0,0,0,0,0,0:00,77,0:00,No,00:00.0,1,0
Treadmill Running,27-03-18 16:03,FALSE,Treadmill Running,0.83,134,08:42.2,151,168,2.4,146,171,10:33,7:07,--,--,1.04,0,0,0,0,0,0:00,75.2,0:00,No,00:00.0,1,0
Treadmill Running,27-03-18 15:31,FALSE,Treadmill Running,0.87,143,0:11:12,133,151,2.2,121,169,12:51,6:05,--,--,1.03,0,0,0,0,0,0:00,75.2,0:00,No,00:00.0,1,0
Treadmill Running,26-03-18 17:27,FALSE,Treadmill Running,0.47,79,05:30.4,145,158,1.9,142,171,11:48,7:25,--,--,0.96,0,0,0,0,0,0:00,78.8,0:00,No,00:00.0,1,0
Treadmill Running,26-03-18 16:35,FALSE,Treadmill Running,0.82,112,07:49.0,139,153,2.1,161,171,9:29,7:05,--,--,1.05,0,0,0,0,0,0:00,77,0:00,No,00:00.0,1,0
Running,24-03-18 13:47,FALSE,Kansas City Running,2.64,447,0:35:46,141,171,3.1,130,234,13:34,8:49,92,56,0.91,0,0,0,0,0,0:00,55.4,0:00,No,00:00.0,3,0
Treadmill Running,18-03-18 15:49,FALSE,Treadmill Running,0.86,138,0:10:25,134,158,2.1,142,168,12:06,7:10,--,--,0.94,0,0,0,0,0,0:00,75.2,0:00,No,00:00.0,1,0
Treadmill Running,15-03-18 20:17,FALSE,Treadmill Running,0.87,171,0:17:52,118,159,2,78,173,20:31,7:05,--,--,1,0,0,0,0,0,0:00,75.2,0:00,No,00:00.0,1,0
Treadmill Running,13-03-18 16:01,FALSE,Treadmill Running,0.66,90,07:57.3,123,147,1.3,119,183,11:59,5:59,--,--,1.13,0,0,0,0,0,0:00,75.2,0:00,No,00:00.0,1,0
Treadmill Running,12-03-18 17:04,FALSE,Treadmill Running,0.84,101,07:18.8,135,151,2,164,180,8:45,6:02,--,--,1.12,0,0,0,0,0,0:00,73.4,0:00,No,00:00.0,1,0
Treadmill Running,12-03-18 16:37,FALSE,Treadmill Running,0.89,110,07:53.1,139,158,2,158,185,8:53,5:32,--,--,1.15,0,0,0,0,0,0:00,75.2,0:00,No,00:00.0,1,0
Treadmill Running,11-03-18 12:25,FALSE,Treadmill Running,0.84,123,09:04.1,136,153,2.1,145,177,10:44,7:09,--,--,1.03,0,0,0,0,0,0:00,75.2,0:00,No,00:00.0,1,0
Treadmill Running,09-03-18 16:08,FALSE,Treadmill Running,0.85,112,07:43.8,142,160,2.1,154,189,9:03,5:16,--,--,1.15,0,0,0,0,0,0:00,73.4,0:00,No,00:00.0,1,0
Treadmill Running,09-03-18 15:30,FALSE,Treadmill Running,0.85,121,08:20.2,142,161,2.2,152,177,9:50,7:01,--,--,1.08,0,0,0,0,0,0:00,77,0:00,No,00:00.0,1,0
Treadmill Running,08-03-18 14:12,FALSE,Treadmill Running,1,191,0:16:15,134,164,2.3,111,178,16:14,5:42,--,--,0.89,0,0,0,0,0,0:00,73.4,0:00,No,00:00.0,2,0
Treadmill Running,08-03-18 13:29,FALSE,Treadmill Running,0.86,130,09:11.3,142,159,2.3,144,175,10:41,6:54,--,--,1.05,0,0,0,0,0,0:00,73.4,0:00,No,00:00.0,1,0
Treadmill Running,07-03-18 16:15,FALSE,Treadmill Running,0.33,111,0:12:12,116,161,1.2,51,171,37:09:00,7:20,--,--,0.85,0,0,0,0,0,0:00,73.4,0:00,No,00:00.0,1,0
Treadmill Running,07-03-18 15:40,FALSE,Treadmill Running,0.83,111,07:10.5,150,165,2.2,164,179,8:38,6:54,--,--,1.14,0,0,0,0,0,0:00,73.4,0:00,No,00:00.0,1,0
Treadmill Running,06-03-18 14:16,FALSE,Treadmill Running,0.64,125,08:52.0,144,158,2.2,120,175,13:45,5:47,--,--,0.98,0,0,0,0,0,0:00,75.2,0:00,No,00:00.0,1,0
Treadmill Running,06-03-18 13:25,FALSE,Treadmill Running,0.84,128,09:18.0,137,153,2.1,145,175,11:02,6:48,--,--,1,0,0,0,0,0,0:00,66.2,0:00,No,00:00.0,1,0
Treadmill Running,03-03-18 13:48,FALSE,Treadmill Running,0.7,90,05:59.0,145,151,2,173,179,8:30,6:40,--,--,1.1,0,0,0,0,0,0:00,77,0:00,No,00:00.0,1,0
Treadmill Running,02-03-18 16:17,FALSE,Treadmill Running,0.83,105,07:00.0,145,161,2.1,172,187,8:23,6:10,--,--,1.11,0,0,0,0,0,0:00,73.4,0:00,No,00:00.0,1,0
Treadmill Running,02-03-18 15:48,FALSE,Treadmill Running,0.93,112,07:33.2,146,168,2.2,168,187,8:07,5:53,--,--,1.18,0,0,0,0,0,0:00,75.2,0:00,No,00:00.0,1,0
Running,01-03-18 15:56,FALSE,Kansas City Running,4.24,563,0:37:08,151,162,3.7,164,178,8:46,6:53,115,131,1.12,0,0,0,0,0,0:00,59,0:00,No,00:00.0,5,0
Treadmill Running,28-02-18 15:51,FALSE,Treadmill Running,0.98,121,07:45.6,151,162,2.3,162,175,7:57,5:58,--,--,1.25,0,0,0,0,0,0:00,75.2,0:00,No,00:00.0,1,0
Treadmill Running,28-02-18 15:08,FALSE,Treadmill Running,0.99,147,0:12:46,128,158,2.2,102,175,12:54,6:55,--,--,1.22,0,0,0,0,0,0:00,75.2,0:00,No,00:00.0,1,0
Treadmill Running,27-02-18 16:32,FALSE,Treadmill Running,1.01,107,07:03.0,147,166,2.3,172,200,7:00,4:32,--,--,1.34,0,0,0,0,0,0:00,75.2,0:00,No,00:00.0,2,0
Treadmill Running,27-02-18 15:37,FALSE,Treadmill Running,0.99,155,0:12:27,135,163,2.4,102,177,12:37,6:41,--,--,1.26,0,0,0,0,0,0:00,75.2,0:00,No,00:00.0,1,0
Treadmill Running,26-02-18 10:41,FALSE,Treadmill Running,0.97,109,07:07.5,145,164,2.2,171,185,7:22,5:44,--,--,1.27,0,0,0,0,0,0:00,73.4,0:00,No,00:00.0,1,0
Treadmill Running,26-02-18 9:54,FALSE,Treadmill Running,1,116,08:10.2,144,156,2.2,160,177,8:09,6:09,--,--,1.23,0,0,0,0,0,0:00,73.4,0:00,No,00:00.0,2,0
Treadmill Running,24-02-18 13:46,FALSE,Treadmill Running,0.98,111,07:57.1,139,150,2.2,161,173,8:08,6:21,--,--,1.23,0,0,0,0,0,0:00,77,0:00,No,00:00.0,1,0
Treadmill Running,21-02-18 20:51,FALSE,Treadmill Running,0.65,74,05:13.5,143,158,2,160,183,8:04,5:48,--,--,1.25,0,0,0,0,0,0:00,75.2,0:00,No,00:00.0,1,0
Treadmill Running,21-02-18 20:14,FALSE,Treadmill Running,0.9,109,07:39.3,142,151,2.2,154,173,8:33,7:18,--,--,1.22,0,0,0,0,0,0:00,71.6,0:00,No,00:00.0,1,0
Treadmill Running,19-02-18 16:35,FALSE,Treadmill Running,1,145,0:10:07,149,168,2.6,135,173,10:05,7:21,--,--,1.18,0,0,0,0,0,0:00,77,0:00,No,00:00.0,2,0
Treadmill Running,19-02-18 15:54,FALSE,Treadmill Running,1,105,08:42.9,128,142,2,152,171,8:42,7:07,--,--,1.22,0,0,0,0,0,0:00,73.4,0:00,No,00:00.0,2,0
Treadmill Running,17-02-18 14:25,FALSE,Treadmill Running,2,216,0:14:48,147,158,3,167,189,7:24,5:03,--,--,1.29,0,0,0,0,0,0:00,75.2,0:00,No,00:00.0,2,0
Treadmill Running,16-02-18 16:20,FALSE,Treadmill Running,1,148,0:10:00,151,166,2.7,134,171,9:59,6:03,--,--,1.2,0,0,0,0,0,0:00,75.2,0:00,No,00:00.0,2,0
Treadmill Running,16-02-18 15:46,FALSE,Treadmill Running,1,127,09:45.3,135,148,2.2,137,172,9:45,5:22,--,--,1.59,0,0,0,0,0,0:00,75.2,0:00,No,00:00.0,2,0
Treadmill Running,15-02-18 15:53,FALSE,Treadmill Running,1.32,105,09:46.2,121,143,1.8,138,173,7:24,5:29,--,--,1.56,0,0,0,0,0,0:00,73.4,0:00,No,00:00.0,2,0
Treadmill Running,15-02-18 15:27,FALSE,Treadmill Running,0.53,71,05:38.7,134,154,1.7,95,171,10:36,5:17,--,--,1.59,0,0,0,0,0,0:00,75.2,0:00,No,00:00.0,1,0
Treadmill Running,09-02-18 13:00,FALSE,Treadmill Running,1.5,132,08:45.9,156,165,2.5,168,177,5:51,6:46,--,--,1.25,0,0,0,0,0,0:00,73.4,0:00,No,00:00.0,2,0
Treadmill Running,09-02-18 12:07,FALSE,Treadmill Running,1.49,199,0:19:14,127,160,2.5,106,175,12:54,7:55,--,--,0.97,0,0,0,0,0,0:00,71.6,0:00,No,00:00.0,2,0
Treadmill Running,08-02-18 16:16,FALSE,Treadmill Running,1,147,0:14:02,125,147,2.1,135,185,14:00,7:08,--,--,0.85,0,0,0,0,0,0:00,69.8,0:00,No,00:00.0,2,0
Treadmill Running,08-02-18 15:43,FALSE,Treadmill Running,0.89,137,0:11:50,130,151,2.2,118,175,13:15,8:00,--,--,1.03,0,0,0,0,0,0:00,71.6,0:00,No,00:00.0,1,0
Treadmill Running,07-02-18 14:06,FALSE,Treadmill Running,1.5,303,0:33:41,126,171,3.1,82,171,22:27,5:25,--,--,1.01,0,0,0,0,0,0:00,71.6,0:00,No,00:00.0,2,0
Treadmill Running,07-02-18 13:29,FALSE,Treadmill Running,1.5,185,0:13:42,143,160,2.8,133,173,9:08,6:59,--,--,1.23,0,0,0,0,0,0:00,69.8,0:00,No,00:00.0,2,0
Treadmill Running,05-02-18 12:56,FALSE,Treadmill Running,2,235,0:18:33,140,158,3,140,175,9:16,7:44,--,--,1.11,0,0,0,0,0,0:00,71.6,0:00,No,00:00.0,2,0
Treadmill Running,01-02-18 16:43,FALSE,Treadmill Running,0.48,51,04:26.4,125,131,0.8,155,171,9:16,7:41,--,--,1.12,0,0,0,0,0,0:00,75.2,0:00,No,00:00.0,1,0
Treadmill Running,01-02-18 16:02,FALSE,Treadmill Running,0.91,97,08:04.0,128,140,1.6,160,173,8:50,7:36,--,--,1.14,0,0,0,0,0,0:00,60.8,0:00,No,00:00.0,1,0
Treadmill Running,30-01-18 16:24,FALSE,Treadmill Running,3.07,404,0:35:11,141,175,3.5,132,175,11:27,5:46,--,--,1.09,0,0,0,0,0,0:00,69.8,0:00,No,00:00.0,4,0
Treadmill Running,25-01-18 13:05,FALSE,Treadmill Running,0.93,106,07:31.4,145,157,2.1,154,185,8:07,6:22,--,--,1.28,0,0,0,0,0,0:00,71.6,0:00,No,00:00.0,1,0
Treadmill Running,22-01-18 17:06,FALSE,Treadmill Running,1.03,115,08:18.5,145,154,2.2,158,175,8:05,6:09,--,--,1.24,0,0,0,0,0,0:00,73.4,0:00,No,00:00.0,2,0
Treadmill Running,22-01-18 16:33,FALSE,Treadmill Running,1,119,0:10:14,131,151,2,129,173,10:13,7:13,--,--,1.22,0,0,0,0,0,0:00,68,0:00,No,00:00.0,2,0
Treadmill Running,21-01-18 15:01,FALSE,Treadmill Running,1.04,126,08:57.3,149,166,2.3,150,173,8:36,5:49,--,--,1.21,0,0,0,0,0,0:00,77,0:00,No,00:00.0,2,0
Treadmill Running,21-01-18 14:26,FALSE,Treadmill Running,1,104,08:03.0,136,148,2,160,173,8:02,7:06,--,--,1.25,0,0,0,0,0,0:00,77,0:00,No,00:00.0,2,0
Treadmill Running,16-01-18 20:11,FALSE,Treadmill Running,1,143,0:10:08,151,166,2.5,130,173,10:06,5:51,--,--,1.23,0,0,0,0,0,0:00,75.2,0:00,No,00:00.0,2,0
Treadmill Running,16-01-18 19:24,FALSE,Treadmill Running,0.95,92,07:01.4,138,145,2,168,183,7:23,5:39,--,--,1.3,0,0,0,0,0,0:00,66.2,0:00,No,00:00.0,1,0
Treadmill Running,15-01-18 19:24,FALSE,Treadmill Running,1,110,09:30.6,127,142,1.8,138,173,9:31,6:52,--,--,1.23,0,0,0,0,0,0:00,73.4,0:00,No,00:00.0,1,0
Treadmill Running,15-01-18 18:06,FALSE,Treadmill Running,1,116,08:46.0,140,156,2.2,149,183,8:47,6:23,--,--,1.23,0,0,0,0,0,0:00,71.6,0:00,No,00:00.0,1,0
Treadmill Running,14-01-18 14:55,FALSE,Treadmill Running,2.05,216,0:15:49,143,157,2.8,167,177,7:43,6:18,--,--,1.16,0,0,0,0,0,0:00,69.8,0:00,No,00:00.0,2,0
Treadmill Running,13-01-18 16:07,FALSE,Treadmill Running,0.9,112,07:43.1,151,154,2.3,161,177,8:33,7:20,--,--,1.17,0,0,0,0,0,0:00,73.4,0:00,No,00:00.0,1,0
Treadmill Running,13-01-18 15:31,FALSE,Treadmill Running,0.9,94,07:51.7,130,146,1.8,160,178,8:45,7:25,--,--,1.15,0,0,0,0,0,0:00,69.8,0:00,No,00:00.0,1,0
Treadmill Running,12-01-18 18:19,FALSE,Treadmill Running,0.93,126,08:40.0,153,168,2.6,153,179,9:18,6:08,--,--,1.13,0,0,0,0,0,0:00,73.4,0:00,No,00:00.0,1,0
Treadmill Running,08-01-18 18:10,FALSE,Treadmill Running,0.96,120,0:11:59,122,153,2.1,112,193,12:26,5:44,--,--,1.15,0,0,0,0,0,0:00,73.4,0:00,No,00:00.0,1,0
Treadmill Running,08-01-18 17:18,FALSE,Treadmill Running,0.97,161,0:15:32,129,159,2.4,95,177,15:59,7:12,--,--,1.06,0,0,0,0,0,0:00,73.4,0:00,No,00:00.0,1,0
Treadmill Running,07-01-18 13:51,FALSE,Treadmill Running,3.47,497,0:45:00,143,180,4.9,121,183,12:57,6:51,--,--,0.97,0,0,0,0,0,0:00,71.6,0:00,No,00:00.0,4,0
Treadmill Running,06-01-18 15:23,FALSE,Treadmill Running,0.88,110,07:29.2,158,169,2.8,166,175,8:30,7:29,--,--,1.14,0,0,0,0,0,0:00,75.2,0:00,No,00:00.0,2,0
Treadmill Running,06-01-18 14:33,FALSE,Treadmill Running,0.94,105,07:52.8,143,158,2.5,163,177,8:24,6:14,--,--,1.18,0,0,0,0,0,0:00,75.2,0:00,No,00:00.0,1,0
Treadmill Running,05-01-18 17:05,FALSE,Treadmill Running,0.94,109,07:30.9,155,166,2.7,169,191,7:57,5:53,--,--,1.2,0,0,0,0,0,0:00,71.6,0:00,No,00:00.0,2,0
Treadmill Running,05-01-18 16:28,FALSE,Treadmill Running,0.96,98,07:54.9,134,150,2.2,166,179,8:16,6:17,--,--,1.17,0,0,0,0,0,0:00,75.2,0:00,No,00:00.0,1,0
Treadmill Running,04-01-18 19:41,FALSE,Treadmill Running,1,162,0:12:19,144,156,2.8,119,168,12:19,7:27,--,--,1.1,0,0,0,0,0,0:00,73.4,0:00,No,00:00.0,2,0
Treadmill Running,04-01-18 18:54,FALSE,Treadmill Running,0.96,128,09:49.1,139,149,2.5,143,169,10:14,7:21,--,--,1.1,0,0,0,0,0,0:00,75.2,0:00,No,00:00.0,1,0
Treadmill Running,30-12-17 16:34,FALSE,Treadmill Running,0.93,127,09:11.5,150,172,2.8,143,175,9:53,7:13,--,--,1.14,0,0,0,0,0,0:00,71.6,0:00,No,00:00.0,1,0
Treadmill Running,28-12-17 18:35,FALSE,Treadmill Running,2,272,0:21:20,148,167,3.5,133,181,10:40,4:36,--,--,1.55,0,0,0,0,0,0:00,75.2,0:00,No,00:00.0,3,0
Treadmill Running,27-12-17 18:04,FALSE,Treadmill Running,2.01,190,0:13:04,155,160,3.2,160,169,6:30,7:32,--,--,1.15,0,0,0,0,0,0:00,75.2,0:00,No,00:00.0,2,0
Treadmill Running,20-12-17 10:52,FALSE,Treadmill Running,1.02,116,08:49.4,140,148,2.5,162,171,8:38,7:47,--,--,1.15,0,0,0,0,0,0:00,73.4,0:00,No,00:00.0,2,0
Treadmill Running,19-12-17 17:12,FALSE,Treadmill Running,1.01,118,08:55.4,142,162,2.5,159,166,8:51,7:45,--,--,1.14,0,0,0,0,0,0:00,73.4,0:00,No,00:00.0,2,0
Treadmill Running,29-11-17 13:16,FALSE,Treadmill Running,1,134,09:18.1,150,164,2.6,151,175,9:16,7:11,3,--,1.15,0,0,0,0,0,0:00,77,0:00,No,00:00.0,2,0
Treadmill Running,29-11-17 12:35,FALSE,Treadmill Running,1.02,123,08:55.8,144,157,2.4,158,168,8:45,6:18,3,3,1.33,0,0,0,0,0,0:00,77,0:00,No,00:00.0,2,0
Running,06-10-17 11:04,FALSE,Kansas City Running,4.44,608,0:44:14,141,162,3.5,157,169,9:58,7:58,144,138,1.03,0,0,0,0,0,0:00,80.6,0:00,No,00:00.0,--,0
Strength Training,25-09-17 19:30,FALSE,Strength,0,80,0:15:46,88,107,0.2,--,--,--,--,--,--,0,0,0,0,0,0,0:00,73.4,0:00,No,00:00.0,--,0
Running,21-09-17 12:16,FALSE,Kansas City Running,4.25,565,0:37:26,149,182,3.9,165,180,8:48,7:19,108,121,1.11,0,0,0,0,0,0:00,86,0:00,No,00:00.0,--,0
Running,19-09-17 18:45,FALSE,Kansas City Running,4.32,553,0:36:57,148,170,4.2,165,177,8:33,7:16,98,141,1.14,0,0,0,0,0,0:00,82.4,0:00,No,00:00.0,--,0
Running,16-09-17 15:17,FALSE,Kansas City Running,3.02,404,0:24:56,156,187,3.8,161,200,8:15,4:57,59,98,1.21,0,0,0,0,0,0:00,84.2,0:00,No,00:00.0,--,0
